,Time,header.seq,header.stamp.secs,header.stamp.nsecs,header.frame_id,pose.position.x,pose.position.y,pose.position.z,pose.orientation.x,pose.orientation.y,pose.orientation.z,pose.orientation.w,data
439,1731012324.7909863,4608274,1731012324,790237069,,-0.0469707802110277,0.0331801632555944,0.0120156111146858,1.6859970741635163e-05,2.2864319171333145e-05,0.9030651221529578,0.4295036488131712,begin_weld
440,1731012324.850978,4608275,1731012324,850236341,,-0.0463136245940217,0.0332869004184494,0.0119308758484572,2.8375773571443944e-05,-9.61625987390707e-05,0.9030684424472002,0.4294966568013748,begin_weld
441,1731012324.910976,4608276,1731012324,910234061,,-0.0459298484480692,0.0324139933110085,0.012036819793688,-0.0001118564339477,-5.160524311247489e-05,0.9029971942478108,0.4296464267343775,begin_weld
442,1731012324.9712465,4608277,1731012324,970232363,,-0.0454077680342464,0.0322179046200996,0.0121191058792725,-0.0001808010657853,-6.744274602980245e-05,0.9030023046540836,0.4296356602423316,begin_weld
443,1731012325.0313234,4608278,1731012325,30257624,,-0.0448278613655549,0.0328346672391556,0.0120383828216059,-8.125471082294665e-05,-8.464426335134869e-05,0.9030422404620336,0.4295517409746252,begin_weld
444,1731012325.090139,4608279,1731012325,89245810,,-0.0443737001562245,0.0328751148491421,0.0119859370059899,-5.543631119017525e-05,-9.02841004016264e-05,0.903014430197316,0.4296102042910679,begin_weld
445,1731012325.150649,4608280,1731012325,149288387,,-0.0440472682147203,0.0319412531792131,0.0120975847853391,-0.0001830654568145,2.67694386151619e-05,0.9029315768192824,0.4297842870011421,begin_weld
446,1731012325.2111008,4608281,1731012325,210231867,,-0.0435122167864631,0.0316675972930438,0.0121545172317417,-0.0002678447053181,-7.448532751408005e-05,0.9029423608112328,0.4297615801392527,begin_weld
447,1731012325.271222,4608282,1731012325,270237772,,-0.0429798193866649,0.0324236685451585,0.0119741112212024,4.075137610829456e-05,-6.965626913273678e-05,0.9031100722677552,0.4294091182728416,begin_weld
448,1731012325.3312917,4608283,1731012325,330232566,,-0.0425241979491066,0.0324876472964737,0.0119317895500005,8.200283435226095e-05,-1.1393204905789418e-05,0.9030723028325502,0.4294885435054636,begin_weld
449,1731012325.3911526,4608284,1731012325,390234187,,-0.0422195534409413,0.0315674204617967,0.0120440454481451,-5.287354807637151e-05,6.362139654683303e-05,0.9029581693856024,0.4297284462268088,begin_weld
450,1731012325.4510086,4608285,1731012325,450234324,,-0.0417863049162788,0.0311681247332029,0.0120565335817853,-9.48766110640762e-05,-2.982753791956268e-05,0.9029431842151368,0.4297599285510181,begin_weld
451,1731012325.5113642,4608286,1731012325,510268306,,-0.0411050553815109,0.0318346364275778,0.0119725278866389,1.977415338127521e-05,-7.028903969534455e-05,0.903093916392109,0.4294430961652499,begin_weld
452,1731012325.5707877,4608287,1731012325,570234383,,-0.0406410325414339,0.0319426362288975,0.0119471743637245,6.79064836688978e-05,2.695902959845309e-05,0.9030568888344722,0.4295209543090113,begin_weld
453,1731012325.6304524,4608288,1731012325,629281253,,-0.0403093899112274,0.0310948320961174,0.0120454744349382,-7.67426909947764e-05,1.312186197556225e-05,0.9029638614232344,0.4297164866537219,begin_weld
454,1731012325.6912055,4608289,1731012325,690232662,,-0.0399781196868855,0.0306901884466388,0.0119927189070501,2.0828450416705565e-05,-1.2955917350063608e-05,0.9030104463687012,0.4296185903185741,begin_weld
455,1731012325.750842,4608290,1731012325,750246523,,-0.0392858645114258,0.0312392021572302,0.0119516897380744,8.254367537726969e-05,-3.699111900987232e-05,0.903117399188079,0.4293937064070208,begin_weld
456,1731012325.81137,4608291,1731012325,810232674,,-0.0387753531651547,0.031414804466715,0.0119310561395569,0.0001282430578597,5.085543749790456e-05,0.9031003552425996,0.4294295394219325,begin_weld
457,1731012325.8711662,4608292,1731012325,870233894,,-0.0384724916676726,0.030569077524877,0.0120169026251746,-1.5203041825384124e-05,3.4501686519567134e-05,0.9029977318349168,0.4296453128797017,begin_weld
458,1731012325.9310544,4608293,1731012325,930232611,,-0.0381034765500764,0.0299452086837569,0.0120696016568283,-0.0001272096037282,5.79972031556616e-06,0.9029709978833927,0.4297014786634434,begin_weld
459,1731012325.9915435,4608294,1731012325,990304216,,-0.0373710092003788,0.0304651488284847,0.0120329347364648,-8.942028172029951e-05,-0.0001089791244826,0.9030592074415924,0.4295160625430982,begin_weld
460,1731012326.0513406,4608295,1731012326,50236226,,-0.0368756496990906,0.0306198087859213,0.012016457953915,-1.945481093750162e-05,5.002163464398176e-05,0.903027466859219,0.4295828106630531,begin_weld
461,1731012326.110585,4608296,1731012326,109246927,,-0.0366582298055457,0.0299290809944401,0.012008187598968,8.958703937149828e-07,4.958148548060998e-05,0.9029934054668052,0.4296544044046748,begin_weld
462,1731012326.1708758,4608297,1731012326,170232262,,-0.0363694697575924,0.0293224516555898,0.0119970145212945,1.5614144572465277e-05,7.730911501675647e-05,0.9030293964211168,0.4295787506136825,begin_weld
463,1731012326.2310662,4608298,1731012326,230235659,,-0.0355725298848867,0.0298704747546838,0.0119671162150898,4.832226188980997e-05,-0.0001358610922969,0.9031457058403124,0.4293341510163463,begin_weld
464,1731012326.2913065,4608299,1731012326,290231063,,-0.0350906797968966,0.0299734050452607,0.0119551210700474,0.0001115445831578,6.321710857632698e-05,0.903084554783866,0.4294627695996824,begin_weld
465,1731012326.3510113,4608300,1731012326,350238084,,-0.0347993817714044,0.0292337575874861,0.0120124772981987,-1.2873466798859254e-05,4.033670277958157e-05,0.9030116214157085,0.4296161191056471,begin_weld
466,1731012326.410738,4608301,1731012326,410232971,,-0.0345017776516188,0.0284817932607708,0.012068621002828,-0.0001319918209194,4.118688292417939e-05,0.9029711718427136,0.4297011097295384,begin_weld
467,1731012326.471036,4608302,1731012326,470271983,,-0.0337749140724731,0.0289764831706123,0.0120172565178216,-4.463277261672861e-05,-0.0001257020420879,0.9030906946357592,0.4294498567577058,begin_weld
468,1731012326.53082,4608303,1731012326,530234118,,-0.0332905550166429,0.0290785467755786,0.0120003575666155,3.4704126393353335e-05,8.30366728874783e-05,0.9030222470052968,0.4295937770895187,begin_weld
469,1731012326.590496,4608304,1731012326,589244942,,-0.0330064742910888,0.028436378799964,0.0120267897861285,-5.823591867017005e-05,4.510376276467821e-05,0.9029805098864558,0.4296815022076522,begin_weld
470,1731012326.6509583,4608305,1731012326,650234305,,-0.0328897776075154,0.0277592590880835,0.0119614358368776,8.728355652139395e-05,0.0001338830487998,0.9030394619536452,0.4295575684484923,begin_weld
471,1731012326.7112164,4608306,1731012326,710236085,,-0.032082106243393,0.0281317331057357,0.0119807726056124,4.7023470162328775e-05,-0.0001052432941187,0.903123969696168,0.4293798808431492,begin_weld
472,1731012326.7711802,4608307,1731012326,770231596,,-0.0315613681628838,0.0282560675819939,0.0119572682024342,0.0001125685995187,8.558009138049841e-05,0.9030502530182254,0.4295348886040312,begin_weld
473,1731012326.8311374,4608308,1731012326,830232510,,-0.0312490345250697,0.0276633987642518,0.0119897215669874,1.027369015872674e-05,6.118433184756462e-05,0.903021656039639,0.4295950242662927,begin_weld
474,1731012326.8908772,4608309,1731012326,890232447,,-0.0310540671493007,0.0267817824660878,0.0120727108249258,-0.0001255529785704,0.0001101800266074,0.9029676363743764,0.4297085288393555,begin_weld
475,1731012326.9507616,4608310,1731012326,949257842,,-0.0303285285586288,0.0270763165705018,0.0120608167187709,-8.89152780286337e-05,-8.119393699444768e-05,0.9030780198170736,0.4294765134729622,begin_weld
476,1731012327.0108666,4608311,1731012327,10234923,,-0.0297657474526198,0.0272592150189963,0.0120123662860878,-1.6222726550927015e-05,-4.078859683269315e-05,0.903021861899299,0.429594593780039,begin_weld
477,1731012327.0700755,4608312,1731012327,69268245,,-0.0295085620988114,0.0267561123916099,0.0120006873415696,-3.071040193761574e-05,3.819508498176248e-05,0.9029868463824536,0.4296681892557071,begin_weld
478,1731012327.1312246,4608313,1731012327,130232272,,-0.0294114693876851,0.0259282530672706,0.012012107657359,5.041580845555981e-07,0.0001514870225032,0.9030124932819026,0.4296142619004049,begin_weld
479,1731012327.1912732,4608314,1731012327,190233196,,-0.0287052036028294,0.0260777261920175,0.0120322728138053,-1.903420075936776e-05,-3.579926123969105e-05,0.9030882769480468,0.4294549596815943,begin_weld
480,1731012327.2510068,4608315,1731012327,250234852,,-0.0280316084714761,0.0263687124496621,0.0119862404998131,2.6626781028363917e-05,-6.601984584448069e-05,0.9030517903549894,0.4295316738833619,begin_weld
481,1731012327.3109434,4608316,1731012327,310233594,,-0.027749010034024,0.0258675832753958,0.0119859083048283,-2.7250425583575994e-05,-2.078353588176446e-05,0.9030172206127244,0.4296043506557269,begin_weld
482,1731012327.3709152,4608317,1731012327,370233321,,-0.0277666433678181,0.0249700469125548,0.0119882142142528,5.653842142808936e-05,0.0001922092514043,0.903031122816179,0.4295750820105394,begin_weld
483,1731012327.4303474,4608318,1731012327,429267357,,-0.0271370464850949,0.024938849552585,0.0120444124075512,-9.832780175074594e-06,4.770085821875064e-05,0.9030766519096624,0.4294794039340875,begin_weld
484,1731012327.4909532,4608319,1731012327,490236609,,-0.0263814554498721,0.0252961269690484,0.0119908866178745,6.277090810878e-06,-0.0001141795832595,0.90308911229163,0.429453189747074,begin_weld
485,1731012327.5504527,4608320,1731012327,549250671,,-0.0260478867882911,0.0249207519671337,0.0119820912608089,-9.780304702904477e-06,2.343236087001398e-05,0.903034075344332,0.4295689212714034,begin_weld
486,1731012327.61075,4608321,1731012327,610232033,,-0.0260672718485063,0.0239803659181818,0.0120130991972913,1.5667197819335566e-05,0.0001747281115346,0.9029985063550772,0.4296436508842245,begin_weld
487,1731012327.6707606,4608322,1731012327,670235959,,-0.0255287115299287,0.0238172538444142,0.0120540045343098,-5.177967113630254e-05,-1.8255954249010397e-05,0.9030260073579972,0.4295858785163453,begin_weld
488,1731012327.731164,4608323,1731012327,730233155,,-0.0247446349138637,0.0241913636105558,0.0119947058147159,-1.54484987460405e-05,-0.0001528438516609,0.9030477082780428,0.4295402344063661,begin_weld
489,1731012327.7906945,4608324,1731012327,790234241,,-0.0244088145532549,0.0238581127812635,0.0119609104525012,-1.5173179681538423e-05,-8.822268073128263e-05,0.9030063142771352,0.4296272667815169,begin_weld
490,1731012327.851053,4608325,1731012327,850236671,,-0.0244776315809225,0.022872571418342,0.012004225750315,2.285919265182901e-06,0.0001291098464329,0.902975158302177,0.429692735352345,begin_weld
491,1731012327.9103062,4608326,1731012327,909271055,,-0.0240828585970165,0.0225861996975819,0.0120261093998579,1.4514053292699184e-05,0.00010145450081,0.9030277653545072,0.429582174321947,begin_weld
492,1731012327.9709888,4608327,1731012327,970235797,,-0.0231547828218174,0.0230808738629157,0.0119842393473604,2.300380840116744e-06,-0.0002127315077622,0.9030931059941266,0.4294447538926225,begin_weld
493,1731012328.030213,4608328,1731012328,29255354,,-0.0227483504655047,0.02283529737554,0.0119572296044012,-7.27225897396839e-06,-0.0001368621640123,0.9030421084871106,0.4295520125840594,begin_weld
494,1731012328.091258,4608329,1731012328,90233094,,-0.0228835803075637,0.0218248166190072,0.0119865995359486,5.187031417070684e-05,0.0001072242674304,0.9030008791669232,0.4296386831236114,begin_weld
495,1731012328.1508908,4608330,1731012328,150241107,,-0.0225684247506223,0.021344578330316,0.0120337476071851,-2.147580310750514e-05,4.620277159817246e-05,0.902965102032997,0.4297138837815615,begin_weld
496,1731012328.2112389,4608331,1731012328,210232441,,-0.0216420418062884,0.021801898231519,0.0119916060866867,-2.6028087916037394e-05,-0.0001995532316595,0.9030790411029604,0.4294743356960971,begin_weld
497,1731012328.270238,4608332,1731012328,269241223,,-0.0212065701636046,0.02158388125341,0.0119665447491851,-2.3557768770193824e-05,-9.187775715378296e-05,0.9030357088256052,0.4295654776507842,begin_weld
498,1731012328.3310082,4608333,1731012328,330231994,,-0.0213708726395505,0.0205719284737819,0.0119972860972896,3.3711245824970646e-05,0.0001395392174382,0.9029866518764672,0.4296685768418331,begin_weld
499,1731012328.390223,4608334,1731012328,389269996,,-0.0211755412833597,0.0200463922699183,0.0120144701352706,2.0899928999734505e-05,0.0001370139777311,0.902980543355874,0.4296814158316526,begin_weld
500,1731012328.4508748,4608335,1731012328,450237451,,-0.0201971528563449,0.0205084732338433,0.0119836120146926,6.165348719432228e-06,-0.0001855045904838,0.9031037817201016,0.4294223154342197,begin_weld
501,1731012328.509944,4608336,1731012328,509246751,,-0.0196576456842515,0.020412593117425,0.0119566579750933,4.748742544675317e-06,-0.000127490412006,0.90308275411787,0.4294665562515054,begin_weld
502,1731012328.5710757,4608337,1731012328,570233166,,-0.0198527743480645,0.0193509494750009,0.0120077943258905,1.802805345932535e-05,0.0001278326412316,0.9029952244748412,0.4296505648889995,begin_weld
503,1731012328.6308317,4608338,1731012328,630235378,,-0.0197314393825524,0.0187506192904174,0.0120259152638097,-8.543793696638768e-06,0.0001546311252751,0.9029939795897288,0.4296531727346172,begin_weld
504,1731012328.6912663,4608339,1731012328,690232427,,-0.0187451585665364,0.0191429380405085,0.0119958567604287,-2.9360782627512496e-05,-0.0001591220041544,0.9031108732668048,0.4294074107481164,begin_weld
505,1731012328.7508483,4608340,1731012328,750237569,,-0.0181695957749082,0.0190906440300241,0.0119602370927885,-4.822101125022623e-06,-0.0001483244870523,0.9030876782437082,0.4294561949500583,begin_weld
506,1731012328.811021,4608341,1731012328,810233114,,-0.018359098431161,0.0180437488935494,0.0120276894519102,-8.335281462434564e-06,9.938729849830598e-05,0.9030026429404936,0.4296349809956957,begin_weld
507,1731012328.870165,4608342,1731012328,869261089,,-0.0184367564099325,0.0173365672174066,0.0120220959596613,1.1530000299120134e-05,0.0001671671973079,0.9029469589453184,0.4297519764394213,begin_weld
508,1731012328.92976,4608343,1731012328,929244403,,-0.0173990130701019,0.0177396647289218,0.0119920276566783,-2.858461585023542e-06,-0.000106303114268,0.9031203720855056,0.429387449997802,begin_weld
509,1731012328.9899073,4608344,1731012328,989249623,,-0.0167389678003045,0.0177431938423885,0.0119661053342009,-1.4664959738018423e-05,-0.0001588543361797,0.9030778860881036,0.4294767819206079,begin_weld
510,1731012329.0507402,4608345,1731012329,50233577,,-0.0169559965128821,0.0167433674328191,0.0119894372118766,6.55013529390691e-05,0.0001383035952812,0.9030327536848728,0.4295716731280175,begin_weld
511,1731012329.111184,4608346,1731012329,110249492,,-0.0170799430346803,0.0159287691827352,0.0120207748033007,7.794867319099322e-06,0.0001972430660934,0.902931306149253,0.4297848501401798,begin_weld
512,1731012329.1711056,4608347,1731012329,170232574,,-0.0160383471580879,0.0162931641406487,0.0120109249977409,-1.750026265246328e-05,-7.0093328193796e-05,0.9031136652089716,0.4294015632173268,begin_weld
513,1731012329.230979,4608348,1731012329,230232831,,-0.0152986335702225,0.0164364394851611,0.011968358099322,-2.529681022213442e-05,-0.0002239095077944,0.9031115643971244,0.4294059285533703,begin_weld
514,1731012329.2910411,4608349,1731012329,290232506,,-0.0154976572302015,0.015326212276146,0.0120412836144216,-4.738163720723936e-05,0.0001023320009627,0.9029731416315386,0.4296969778520804,begin_weld
515,1731012329.3503585,4608350,1731012329,349326754,,-0.0156942834582372,0.0145560581406762,0.0120107363653383,4.1307502264868926e-05,0.0002544357040727,0.9029634732024728,0.4297172321635357,begin_weld
516,1731012329.411067,4608351,1731012329,410232703,,-0.0147196701681387,0.0148442986838424,0.0120164485502568,-8.538184996179708e-06,-3.366985699411063e-05,0.9031008946451632,0.4294284257993946,begin_weld
517,1731012329.4702644,4608352,1731012329,469246798,,-0.0139342156809523,0.0150252928482969,0.011982865756822,-2.5248077816503373e-05,-0.0002201102481971,0.9030958138544884,0.4294390549455329,begin_weld
518,1731012329.5308082,4608353,1731012329,530231758,,-0.0140925513422723,0.0140482861037095,0.0120106082263619,1.2911030793455192e-05,8.561972442956453e-05,0.9030139484129558,0.4296112213085357,begin_weld
519,1731012329.590815,4608354,1731012329,590238853,,-0.0142734124193879,0.0131801834578308,0.0120142776666244,3.492345873721937e-05,0.0002517900352722,0.9029725610879608,0.4296981374225155,begin_weld
520,1731012329.65105,4608355,1731012329,650234631,,-0.013399052906143,0.0134039093294307,0.0120152716151901,1.1902206397516412e-05,-3.577584545991988e-06,0.9030918708425664,0.4294474038384817,begin_weld
521,1731012329.7108505,4608356,1731012329,710233143,,-0.012580138120556,0.0136075715849036,0.011984129389193,-1.28487962959798e-05,-0.0002131919073655,0.9030801169575344,0.4294720674736426,begin_weld
522,1731012329.770827,4608357,1731012329,770231187,,-0.0126171925218979,0.0127508104562043,0.0120241365140731,-3.531132929185844e-05,1.5613799503194437e-05,0.9030063820532446,0.4296271319183986,begin_weld
523,1731012329.8300743,4608358,1731012329,829295839,,-0.0127748365243165,0.0118717561900119,0.0120306494692127,-2.2308414598709595e-05,0.0001934091439587,0.9029911322213282,0.4296591407440105,begin_weld
524,1731012329.8909807,4608359,1731012329,890238548,,-0.0120793141417967,0.0119558442403952,0.012021756582723,6.632334430398947e-06,3.285190158331742e-05,0.903088960545397,0.4294535227679465,begin_weld
525,1731012329.9505994,4608360,1731012329,949281178,,-0.011297003826817,0.0121076798009197,0.0120007797778953,-1.9251120444177576e-05,-0.0001412940619096,0.9030359371902428,0.4295649843834135,begin_weld
526,1731012330.0113854,4608361,1731012330,10232577,,-0.011270683506821,0.011445590883828,0.0119640772315277,7.762942904860499e-05,4.686181844283737e-05,0.9030474676193988,0.4295407582568067,begin_weld
527,1731012330.071053,4608362,1731012330,70238767,,-0.0114503612447796,0.0104654093283542,0.0120168084674595,2.1771591819941343e-05,0.000249161523895,0.9029881647382756,0.4296653485995047,begin_weld
528,1731012330.1308832,4608363,1731012330,130232902,,-0.0107486407865559,0.0104845680941012,0.0120399354650385,-3.60050695653788e-05,2.6011277238376e-05,0.9030341627041912,0.4295687360786269,begin_weld
529,1731012330.1912873,4608364,1731012330,190232709,,-0.0098822539578412,0.0107689329418655,0.0120010207328783,-3.857002414692275e-05,-0.0002431636031568,0.903038745736056,0.4295590332925922,begin_weld
530,1731012330.2509086,4608365,1731012330,250233455,,-0.0098238293871011,0.0101056308084007,0.0119790180242534,1.9506687334844503e-05,2.863574651941881e-06,0.903028750213698,0.4295801158093513,begin_weld
531,1731012330.3112564,4608366,1731012330,310240274,,-0.0100384605401878,0.0091148897893876,0.0120134448499809,3.051038217883487e-05,0.0002727820981311,0.9030001418750568,0.4296401615685747,begin_weld
532,1731012330.3711045,4608367,1731012330,370259816,,-0.0094461770999513,0.0090431444602902,0.0120320556297401,-1.1844104987751922e-05,5.351669828043223e-05,0.9030217405935086,0.4295948475146673,begin_weld
533,1731012330.4303784,4608368,1731012330,429249305,,-0.0085655525677226,0.0093542448156955,0.0119986554916018,-3.0372958549032293e-05,-0.0002492323223071,0.903030285474266,0.4295768155720219,begin_weld
534,1731012330.490717,4608369,1731012330,490232488,,-0.0083789474756421,0.0088495497386573,0.011955313471105,3.101366561214392e-05,-7.311387888877319e-05,0.9030463341941688,0.4295431433406742,begin_weld
535,1731012330.5511928,4608370,1731012330,550240868,,-0.0086054174372602,0.0078212428250437,0.0119985713298318,3.5150280474917075e-05,0.0002253830153567,0.9030096999782262,0.4296200992879499,begin_weld
536,1731012330.6110277,4608371,1731012330,610232628,,-0.008157732082212,0.0075921378164823,0.0120281423601022,-7.068831431380301e-06,9.071400858343626e-05,0.9030032825642622,0.4296336385796246,begin_weld
537,1731012330.6712418,4608372,1731012330,670239851,,-0.0072071096533502,0.0079436836307761,0.0120028433739833,-4.109295287065898e-05,-0.0002596906161702,0.9030312753435572,0.4295747276359981,begin_weld
538,1731012330.7308817,4608373,1731012330,730232350,,-0.0069276289865532,0.0075892949441262,0.0119381229493586,3.81553479945505e-05,-0.0001240742626047,0.9030791950152436,0.4294740395883862,begin_weld
539,1731012330.7909763,4608374,1731012330,790237694,,-0.0071627567986882,0.0064821989415709,0.0120146504367162,3.924894307122254e-06,0.0001943411167589,0.9030029459577464,0.4296343117207435,begin_weld
540,1731012330.850016,4608375,1731012330,849278098,,-0.0068849859774507,0.0061356336506329,0.0120204178234474,-2.0429933118768105e-06,0.0001278712476946,0.9030002014660112,0.4296401049682321,begin_weld
541,1731012330.9104748,4608376,1731012330,909253533,,-0.0059061428808922,0.00651146833436,0.0119928959599573,-7.228416381875245e-06,-0.0002037590041148,0.9030846675003806,0.4294625033175133,begin_weld
542,1731012330.9709196,4608377,1731012330,970232934,,-0.0054561710218531,0.0063131453405906,0.0119479508865712,8.562988421573646e-06,-0.0001835679421617,0.9030966446994324,0.429437325534371,begin_weld
543,1731012331.03116,4608378,1731012331,30235402,,-0.0057106611002474,0.0051741297377138,0.012012143258081,7.697998713790485e-06,0.0001795419452522,0.9030034151763332,0.4296333319067661,begin_weld
544,1731012331.0911,4608379,1731012331,90232295,,-0.0055371573652765,0.0047030161542543,0.0120293429180764,-1.5534549926783287e-05,0.0001351246883698,0.9029657281616013,0.4297125495788849,begin_weld
545,1731012331.1508677,4608380,1731012331,150238116,,-0.0045367974959918,0.0051090767120493,0.0119955004132787,-2.2943566986540936e-05,-0.0002000076415967,0.9030709915741026,0.4294912614336909,begin_weld
546,1731012331.211183,4608381,1731012331,210232838,,-0.0040389476446071,0.0049924354794312,0.0119323195117949,4.722390003232286e-06,-0.0002209750723242,0.9030988690833464,0.4294326301157113,begin_weld
547,1731012331.2698658,4608382,1731012331,269247909,,-0.0043240333554427,0.0038297908173025,0.0120056122131373,2.843014180876784e-05,0.0001994379835397,0.9030119996161698,0.4296152790176627,begin_weld
548,1731012331.330942,4608383,1731012331,330236803,,-0.0042226166047325,0.003282691008969,0.0120235016566726,1.8074457449990315e-06,0.0001592462418888,0.9029639253443824,0.4297163298782491,begin_weld
549,1731012331.3901255,4608384,1731012331,389257733,,-0.0032021059793063,0.0036899477428077,0.0119950089939457,-1.09497697395289e-05,-0.0001558249257339,0.9031003558869972,0.4294295318157268,begin_weld
550,1731012331.450991,4608385,1731012331,450235518,,-0.0025971092787617,0.0036487847459788,0.0119520420094784,-1.918219394057014e-05,-0.0002299151193601,0.9031011690790732,0.4294277880844375,begin_weld
551,1731012331.5110145,4608386,1731012331,510233192,,-0.0028932801653984,0.0025001827022224,0.0119953005344169,5.940553030717255e-05,0.0002145671187717,0.903032303157032,0.4295725897759783,begin_weld
552,1731012331.5707989,4608387,1731012331,570233322,,-0.0029101909486925,0.0018236184086307,0.0120383022688204,-2.1715570515522718e-05,0.000154629428102,0.9029218048651672,0.4298048277034625,begin_weld
553,1731012331.631049,4608388,1731012331,630236622,,-0.00185318107392,0.002248060962067,0.0119947034270936,-1.701613278910165e-05,-0.0001244895096347,0.9030992483421062,0.4294318710304768,begin_weld
554,1731012331.6907897,4608389,1731012331,690231782,,-0.0011961496717389,0.002287385970434,0.0119590167968557,-2.388600508007645e-05,-0.0002406160055179,0.9031019158961772,0.4294262114008071,begin_weld
555,1731012331.75128,4608390,1731012331,750240239,,-0.0014464006476181,0.0011702425789557,0.0120150282634825,1.0871276727732798e-05,0.0001309533969003,0.9030170144544644,0.4296047652654343,begin_weld
556,1731012331.8107862,4608391,1731012331,810235001,,-0.0015870935628235,0.0004333313777696,0.0120108636281899,3.931072862428858e-05,0.0002157236786393,0.9029455160674444,0.4297549847665035,begin_weld
557,1731012331.871563,4608392,1731012331,870258752,,-0.0005194399906925,0.0008266789826694,0.0119925166645454,3.702893496314108e-06,-8.542765330763457e-05,0.903110037360762,0.429409190757077,begin_weld
558,1731012331.931197,4608393,1731012331,930231794,,0.0002093970112852,0.0009325779849421,0.0119585104601492,-2.716025869703261e-05,-0.0002643374947819,0.9030986257665452,0.4294331164763458,begin_weld
559,1731012331.9911008,4608394,1731012331,990234826,,-8.403515224075786e-06,-0.0002094683601914,0.0120426448092745,-4.442541002460957e-05,0.0001136967000541,0.9029912283137426,0.4296589655620859,begin_weld
560,1731012332.051212,4608395,1731012332,50235899,,-0.0002221823870157,-0.0009906055885325,0.0120173362526577,3.217386317412503e-05,0.0002544245050526,0.9029393897874984,0.4297678357010835,begin_weld
561,1731012332.1111555,4608396,1731012332,110238199,,0.0008308365531802,-0.0006180333306042,0.0120062804419948,-4.395106384059143e-06,-5.172623856271866e-05,0.9031070009855928,0.4294155820133774,begin_weld
562,1731012332.170948,4608397,1731012332,170233406,,0.0016101826454876,-0.000419117078791,0.0119616097434501,-2.3915227343267432e-05,-0.0002871051031867,0.9031113465714604,0.4294063491526476,begin_weld
563,1731012332.2307928,4608398,1731012332,230234964,,0.0013940969188318,-0.0015258288058612,0.0120209134885319,-6.833549101873748e-06,9.15415366110632e-05,0.903001698577394,0.429636967613113,begin_weld
564,1731012332.2913127,4608399,1731012332,290233539,,0.001177791484213,-0.0023777853036819,0.0120193453370029,2.770373818271422e-05,0.0002631138997826,0.902946059807286,0.4297538168324697,begin_weld
565,1731012332.3506918,4608400,1731012332,349259370,,0.0021235445411354,-0.0020634787996891,0.0120018623188995,2.507973591033463e-05,-4.70944125411832e-06,0.9030981938643116,0.4294341062233487,begin_weld
566,1731012332.4111006,4608401,1731012332,410231587,,0.0029749635575198,-0.0018180519087165,0.0119691030007329,-1.37321381449955e-05,-0.000285479114318,0.903101833784778,0.4294263570481848,begin_weld
567,1731012332.4712152,4608402,1731012332,470235206,,0.0028325610644508,-0.0028513752384509,0.0120279368055754,-2.2252457038986297e-05,5.993590692966198e-05,0.9030100953665596,0.429619324028368,begin_weld
568,1731012332.531139,4608403,1731012332,530233496,,0.0025965182518982,-0.0037493021122115,0.0120243967610493,2.1222455876291223e-05,0.0002633514824008,0.9029572103387208,0.4297303881422853,begin_weld
569,1731012332.5909894,4608404,1731012332,590237261,,0.003446289345603,-0.0035469517853277,0.0120140305849436,-1.760896077733737e-07,-8.676180419502861e-06,0.9030649245702153,0.4295040650979737,begin_weld
570,1731012332.6511023,4608405,1731012332,650233600,,0.0042978826805844,-0.0033011597023091,0.0119838031825241,-2.2985911458599e-05,-0.0002474184036606,0.9030608230768888,0.4295126169037105,begin_weld
571,1731012332.71131,4608406,1731012332,710236002,,0.0042146890097688,-0.0041570653920394,0.0119823883490736,4.221704553376594e-05,6.040202434283964e-05,0.9030089119182824,0.4296218099276109,begin_weld
572,1731012332.7709196,4608407,1731012332,770234008,,0.0040276660843328,-0.0051167792722658,0.0120313459332765,3.3614844127873583e-06,0.0002887866091372,0.9029759584785204,0.4296909761686787,begin_weld
573,1731012332.830351,4608408,1731012332,829249754,,0.0047899305437449,-0.0049610018964193,0.0120295213478799,-7.048373676854799e-06,2.067129572047142e-05,0.9030555268243668,0.4295238235476389,begin_weld
574,1731012332.891379,4608409,1731012332,890232459,,0.0056663531832339,-0.0046733668867292,0.0119868859824735,-1.3774510286665749e-05,-0.0002532011843351,0.9030695004736748,0.429494369012739,begin_weld
575,1731012332.9509282,4608410,1731012332,950241962,,0.0056559168641391,-0.0054386069509812,0.0119748422193421,5.21426610556017e-05,2.371224599308243e-05,0.9030607363305132,0.4295128673474911,begin_weld
576,1731012333.0112183,4608411,1731012333,10231671,,0.0054479321516892,-0.0064796132023897,0.012043137977349,-2.5099406097135643e-05,0.0002614230407769,0.9029671615628548,0.4297094787960057,begin_weld
577,1731012333.0708623,4608412,1731012333,70241298,,0.0061076318995303,-0.0063820450100701,0.0120032260424007,4.365257238225e-05,7.108356270190665e-05,0.9030645369264172,0.4295048721347128,begin_weld
578,1731012333.1310394,4608413,1731012333,130233059,,0.0069859974520375,-0.0061183316758678,0.0119836484800534,-3.5558745856841474e-06,-0.000224045076871,0.9030426537005184,0.4295508298079343,begin_weld
579,1731012333.1908696,4608414,1731012333,190235448,,0.0071139056072231,-0.0067716979499854,0.0119995154046506,-3.018913049923337e-05,-4.38472649267146e-05,0.9029984959638522,0.4296437052408129,begin_weld
580,1731012333.250841,4608415,1731012333,250237568,,0.0069101987967633,-0.007759449816713,0.0120207991634012,-1.4226726958285234e-05,0.0002184085017792,0.9029666750386988,0.4297105256621994,begin_weld
581,1731012333.3103378,4608416,1731012333,309251593,,0.0073698178597462,-0.0078717851822756,0.0120162126335632,1.1131424838350208e-05,7.178166476586246e-05,0.9030085185741928,0.4296226368639412,begin_weld
582,1731012333.3712618,4608417,1731012333,370232334,,0.0083170495946033,-0.0075420621331513,0.01199099225344,-2.3096548161885065e-05,-0.0002683006153814,0.9030204640632016,0.4295974499044535,begin_weld
583,1731012333.4308488,4608418,1731012333,430235330,,0.0085541546864849,-0.0080315130706908,0.0119624906786108,1.1220109344929344e-05,-9.531485369026204e-05,0.9030610738371202,0.4295121508285129,begin_weld
584,1731012333.4907286,4608419,1731012333,490234634,,0.0082854507074861,-0.0091206140443025,0.0120207411202377,-1.785664146536662e-05,0.0002136995763225,0.9029774923527344,0.4296877963335697,begin_weld
585,1731012333.5509863,4608420,1731012333,550237306,,0.0087403670336099,-0.0092588356190174,0.012011011740597,2.435506443908407e-05,7.915548992073321e-05,0.903022446007639,0.4295933602229206,begin_weld
586,1731012333.610748,4608421,1731012333,610232044,,0.0096862949900256,-0.0089491328225154,0.0119982722700908,-2.6284588447679667e-05,-0.000239766537561,0.9030358157068458,0.4295651957174834,begin_weld
587,1731012333.6709273,4608422,1731012333,670238052,,0.0099570045820141,-0.009333057633221,0.0119448112914666,3.0064390835404238e-05,-0.0001197388427221,0.9030665661096776,0.4295005959642164,begin_weld
588,1731012333.7313457,4608423,1731012333,730236549,,0.0097262696554854,-0.010437447791947,0.012019992744785,-1.0443505367359097e-05,0.0002040024252614,0.9029926571252448,0.4296559314752142,begin_weld
589,1731012333.790387,4608424,1731012333,789246568,,0.010040241401963,-0.0107333813651201,0.012028868668713,-7.220042484311584e-06,0.000123155198523,0.9030008936977152,0.4296386513825262,begin_weld
590,1731012333.8513572,4608425,1731012333,850238925,,0.0110198321325105,-0.0103571166719529,0.0119951056728798,-2.1728165628820835e-05,-0.0002244074973693,0.9030553707079688,0.4295240931596912,begin_weld
591,1731012333.910861,4608426,1731012333,910235368,,0.0114105389280938,-0.0105996581158012,0.0119316632750572,4.198901543503392e-05,-0.0001559023890923,0.9031063194751664,0.4294169880842935,begin_weld
592,1731012333.971306,4608427,1731012333,970233121,,0.0111223918882321,-0.0117390239219599,0.0119924586925496,4.49894902639862e-05,0.0002170752754189,0.9030196545175744,0.4295991787809087,begin_weld
593,1731012334.0308597,4608428,1731012334,30234774,,0.0113966495827715,-0.012163227514021,0.0120380531230869,-3.504097969727162e-05,0.0001211122713592,0.9029858350894236,0.4296702988708945,begin_weld
594,1731012334.0909834,4608429,1731012334,90232967,,0.0123691584623532,-0.0117731189220228,0.0119959404476343,-2.1109909538835697e-05,-0.0002156133952657,0.9030637375864248,0.4295065062623293,begin_weld
595,1731012334.1508968,4608430,1731012334,150238569,,0.0128391053412844,-0.0119137698479734,0.0119321913438987,2.2228704429109128e-05,-0.0001995179766147,0.9031018803008362,0.42942630740973,begin_weld
596,1731012334.2101734,4608431,1731012334,209251131,,0.0126072785526717,-0.013055769997385,0.0120225085211599,-1.9682892965777973e-05,0.0001449062712234,0.9029981207820036,0.4296444721847662,begin_weld
597,1731012334.2713428,4608432,1731012334,270256204,,0.0126761179803775,-0.0135850331790897,0.0120123709259052,1.608105864969451e-05,0.0001630547307845,0.9029818809571912,0.4296785959500049,begin_weld
598,1731012334.3307786,4608433,1731012334,330232972,,0.0136866104044425,-0.0132046553880709,0.0119895679257192,1.2106333735448128e-05,-0.0001250370931746,0.9031052752631464,0.4294191961371068,begin_weld
599,1731012334.3911653,4608434,1731012334,390236926,,0.0142910044309105,-0.0132372038618652,0.0119438051363561,-1.5006728513241913e-05,-0.0002530914607692,0.903098905294557,0.4294325359998744,begin_weld
600,1731012334.4508815,4608435,1731012334,450235337,,0.0140372311273146,-0.0144341801164293,0.0120424665630192,-4.980708063203319e-05,0.000156869969869,0.902992494687382,0.4296562898984786,begin_weld
601,1731012334.5112064,4608436,1731012334,510234193,,0.0140220628866871,-0.0150109206637505,0.0120213789527677,-1.1016305395694764e-05,0.000158937388258,0.9029639557020368,0.4297162660645715,begin_weld
602,1731012334.5712614,4608437,1731012334,570236552,,0.0150704003638393,-0.0146303109809253,0.0120109436851212,-2.6786081108673584e-05,-0.0001295118164803,0.9031072588748428,0.4294150224162666,begin_weld
603,1731012334.6309571,4608438,1731012334,630234160,,0.0156954805854765,-0.0145953913530078,0.0119471955382348,-1.509518352751744e-05,-0.000239050781233,0.9031060954779844,0.4294174227221916,begin_weld
604,1731012334.6902142,4608439,1731012334,689244864,,0.01543500476926,-0.0157264407350759,0.0120117595624708,1.2339498960763608e-05,0.0001590487016802,0.9030170002068516,0.4296047856910658,begin_weld
605,1731012334.7502189,4608440,1731012334,749264064,,0.0153147980824818,-0.0164729187878699,0.0120235235758707,9.431656401380624e-07,0.000217107125726,0.9029363679181052,0.4297742062461014,begin_weld
606,1731012334.8111703,4608441,1731012334,810239649,,0.0163856642168771,-0.0160677552106003,0.0120060646249275,-1.4052680556330108e-06,-9.431127111590007e-05,0.9031181181067336,0.4293921935139965,begin_weld
607,1731012334.8708172,4608442,1731012334,870234373,,0.0170535064234058,-0.015990177042773,0.011941443376805,1.8085556649150297e-05,-0.0002101792672094,0.9030901223112208,0.4294510292006445,begin_weld
608,1731012334.9310477,4608443,1731012334,930232722,,0.0168670520348692,-0.01711430701811,0.0120345139230491,-3.310024687512377e-05,0.0001196339210657,0.9029779347900266,0.4296869021443834,begin_weld
609,1731012334.990871,4608444,1731012334,990233609,,0.0167200892664913,-0.0178875371939447,0.0120406943715004,-2.2396218564800234e-05,0.0002309692393995,0.9029377764644668,0.4297712391319648,begin_weld
610,1731012335.0507977,4608445,1731012335,50234342,,0.0177458670589284,-0.0174947575412408,0.0120131236105963,-1.8546425486425063e-05,-8.921250476728512e-05,0.90309802683391,0.4294344485784267,begin_weld
611,1731012335.1110556,4608446,1731012335,110233604,,0.0184659266929977,-0.0173513635875045,0.0119466351413132,-1.4388135467049696e-07,-0.0002648863646117,0.9030930574884384,0.4294448269002401,begin_weld
612,1731012335.17114,4608447,1731012335,170237503,,0.0182401339567631,-0.0184221102968813,0.0120048710422546,4.159497204202041e-05,0.0001254666622511,0.9030286392785264,0.4295803291245399,begin_weld
613,1731012335.230092,4608448,1731012335,229255322,,0.0180776889885707,-0.0193207212700443,0.0120555770871004,-4.658850451351728e-05,0.0002411477060294,0.9029163954311388,0.4298161496953489,begin_weld
614,1731012335.2911506,4608449,1731012335,290232145,,0.0190400335806716,-0.0189490738899057,0.0120015933641926,6.205162170479616e-06,-5.0364039675904287e-05,0.9031022573204048,0.429425558447269,begin_weld
615,1731012335.3509517,4608450,1731012335,350245600,,0.0198072792509949,-0.0187982100540073,0.0119644007882753,-2.70227985128242e-06,-0.0002353304351296,0.9030884288826612,0.429454577610404,begin_weld
616,1731012335.4108374,4608451,1731012335,410231568,,0.0196623911498547,-0.0198072135075015,0.0120343906698391,-2.6925317203442055e-05,7.717783976059945e-05,0.9030129510987486,0.4296133185395183,begin_weld
617,1731012335.471106,4608452,1731012335,470233816,,0.0193706356061318,-0.0206915697942152,0.0120136108464224,5.499117745144068e-05,0.0003179066298844,0.9029838159995764,0.4296744394936569,begin_weld
618,1731012335.5311944,4608453,1731012335,530232926,,0.0202902232862111,-0.0204495075733004,0.01200985488763,-8.918174350622263e-06,-5.0139125535120936e-05,0.9030789322082904,0.4294746088048376,begin_weld
619,1731012335.5908074,4608454,1731012335,590235376,,0.0210817020357919,-0.0203332386092671,0.0119820834564142,-1.9979273299928417e-05,-0.0002160235717454,0.9030672964089084,0.4294990233881215,begin_weld
620,1731012335.651227,4608455,1731012335,650236271,,0.0210341270582716,-0.0211955331118764,0.0120202834796299,-2.1614951721548436e-05,3.622255902460351e-05,0.903006875964794,0.4296260934592117,begin_weld
621,1731012335.7102222,4608456,1731012335,709269636,,0.0207311394477373,-0.0221016763763673,0.0120229476061041,-5.480035088119828e-06,0.0002446834059435,0.9029746953756624,0.429693657867125,begin_weld
622,1731012335.7708442,4608457,1731012335,770231792,,0.0214538192973507,-0.0220224794442387,0.0120024599468144,1.1257152055281504e-05,6.021497686350988e-06,0.9030464126119048,0.4295429856321571,begin_weld
623,1731012335.831184,4608458,1731012335,830238073,,0.0222750775134047,-0.021877465145173,0.011958830139479,1.7602621775539183e-05,-0.0002490616876026,0.9030288719082924,0.4295797878839978,begin_weld
624,1731012335.8909836,4608459,1731012335,890232285,,0.0222304136390996,-0.022701224027034,0.0120093164692109,1.2597788546466755e-05,3.662625323820249e-05,0.9030204420284096,0.4295975788789193,begin_weld
625,1731012335.95081,4608460,1731012335,950237190,,0.0219294351128116,-0.0236293327207567,0.0120276435482463,8.608448162900587e-06,0.0002706141546045,0.9029917389626873,0.4296578243893807,begin_weld
626,1731012336.0107803,4608461,1731012336,10231695,,0.0226223918977101,-0.023553241698075,0.0119944510931851,8.985556695538869e-06,-5.026434249440829e-05,0.9030425855082828,0.4295510285766657,begin_weld
627,1731012336.0698774,4608462,1731012336,69247130,,0.0234339882664971,-0.0234481106985282,0.011958758631301,1.761992976307079e-05,-0.0002531803809267,0.9030305222947128,0.4295763161457707,begin_weld
628,1731012336.130064,4608463,1731012336,129254834,,0.0235254459515138,-0.0241904278052597,0.0120133212738325,-1.9618000041112957e-05,4.033832530542894e-06,0.903012268852107,0.4296147598738112,begin_weld
629,1731012336.1899748,4608464,1731012336,189256348,,0.0231282982713329,-0.0251635838674028,0.0120383734358047,-1.0085047333379836e-05,0.0002766856201276,0.902972620067003,0.4296979994748538,begin_weld
630,1731012336.250753,4608465,1731012336,250237457,,0.0236352316256913,-0.025169230019883,0.0119599078306141,7.44670101700655e-05,6.315626707838394e-06,0.9030406127951406,0.4295551723089296,begin_weld
631,1731012336.310809,4608466,1731012336,310237893,,0.0245716708886234,-0.0250799607774515,0.0119783339967423,-1.772664338557793e-05,-0.0002833661425104,0.9030226033017472,0.4295929437450419,begin_weld
632,1731012336.3710718,4608467,1731012336,370233070,,0.0246734520454335,-0.0257535906896826,0.0119995024061537,-3.7357989876285752e-06,-2.541787691216176e-05,0.9030252088511314,0.429587559781875,begin_weld
633,1731012336.4310014,4608468,1731012336,430234746,,0.0243179309924455,-0.0267103268637617,0.0120330626616768,-4.573394719400662e-06,0.0002837282441315,0.9029822797450312,0.4296776954227828,begin_weld
634,1731012336.490867,4608469,1731012336,490231822,,0.0246491558717657,-0.0268742817497719,0.0119946389865896,1.0404836037858775e-05,-5.676118031671772e-06,0.9030107637388264,0.4296179237780266,begin_weld
635,1731012336.5508318,4608470,1731012336,550239454,,0.0255679909753542,-0.0267456001555791,0.0119652701651626,1.7317150220529935e-05,-0.00024643689177,0.9030679491774516,0.4294976346121206,begin_weld
636,1731012336.610222,4608471,1731012336,609252119,,0.0258169525160474,-0.0273216996042818,0.0119895702446102,5.559758848905214e-06,-2.179195613380192e-05,0.9030666618320472,0.4295004118527973,begin_weld
637,1731012336.6702776,4608472,1731012336,669262660,,0.0253708057217179,-0.0283549655138732,0.0120552080588762,-4.88813817610607e-05,0.0002214754211108,0.9029536927212756,0.4297378007113882,begin_weld
638,1731012336.7313075,4608473,1731012336,730232852,,0.0256571753816871,-0.0285446978098242,0.0119933104143687,3.083239005762731e-05,7.698412106805183e-05,0.9030558455315582,0.4295231460283502,begin_weld
639,1731012336.7910695,4608474,1731012336,790234982,,0.0265910937487356,-0.0284430943400751,0.0119724851845228,-6.718076991468253e-06,-0.0002510325932753,0.9030450748443924,0.4295457248498585,begin_weld
640,1731012336.8510785,4608475,1731012336,850236321,,0.0269017541522832,-0.028944031320066,0.0119943109787237,-1.8164964125965676e-05,-9.28339405717134e-05,0.9030665965279082,0.4295005393330651,begin_weld
641,1731012336.9112847,4608476,1731012336,910234513,,0.0263696846984243,-0.0299974395367745,0.0120323201958044,-1.124949259150459e-05,0.00023778349105,0.9029622281611384,0.4297198597304209,begin_weld
642,1731012336.9709988,4608477,1731012336,970234245,,0.0265065700445565,-0.0303137129810403,0.0119964908956808,4.785104202421172e-05,0.0001521862020641,0.90304274225987,0.4295506724490271,begin_weld
643,1731012337.03082,4608478,1731012337,30234936,,0.0275102533887119,-0.0302115317852016,0.0119912273263559,-2.711868680966492e-05,-0.0001947259393375,0.9030602219091484,0.4295139077512912,begin_weld
644,1731012337.0907643,4608479,1731012337,90237736,,0.0279170127171895,-0.0305942782430689,0.011995121217796,-3.183758770894267e-05,-0.0001416955263592,0.9030810486628764,0.429470136860184,begin_weld
645,1731012337.1504395,4608480,1731012337,149259081,,0.0273712230299582,-0.0316496217892971,0.0120350007114505,-3.028133523467828e-05,0.0002005733222266,0.9029576359238616,0.4297295272379756,begin_weld
646,1731012337.211234,4608481,1731012337,210231978,,0.0273826552002069,-0.0320643689900361,0.0120231119177558,-5.26575427165579e-06,0.0001420702314269,0.9030356059714172,0.429565680817447,begin_weld
647,1731012337.2708824,4608482,1731012337,270233920,,0.0283198891815029,-0.0319358162354097,0.0119486814544161,7.251224842533656e-05,-0.0001143922698213,0.9031295151788972,0.4293682108273883,begin_weld
648,1731012337.3301368,4608483,1731012337,329243311,,0.0288150016110056,-0.0322797923147532,0.0119751652162973,1.2656328706219469e-05,-0.0001392934467042,0.9031043468613976,0.4294211442362866,begin_weld
649,1731012337.390756,4608484,1731012337,390234530,,0.0282870558227561,-0.0333924767148023,0.012045880849433,-4.98296018139339e-05,0.0001796111572347,0.9029326602666063,0.429782010187388,begin_weld
650,1731012337.4508767,4608485,1731012337,450234547,,0.028209309048257,-0.0337620425453405,0.0120011523141331,5.693029123749045e-06,4.12845188431281e-05,0.9030266446214292,0.4295845404189273,begin_weld
651,1731012337.5108464,4608486,1731012337,510233436,,0.0291602316823382,-0.0337388692890119,0.0119789772762228,5.314825634142834e-06,-0.0001281737995295,0.9031307888620382,0.429365533959891,begin_weld
652,1731012337.5700345,4608487,1731012337,569246328,,0.029639659430125,-0.0341288628964715,0.0119942635507647,-1.2928265528621316e-05,-8.977449017740558e-05,0.9030784142545412,0.4294756913736844,begin_weld
653,1731012337.6300962,4608488,1731012337,629261384,,0.0291036191754095,-0.0351375442160181,0.012029731448593,-1.4484708525737118e-05,0.000211632430005,0.9029532078603216,0.4297388269829276,begin_weld
654,1731012337.6913362,4608489,1731012337,690232035,,0.0289191586226204,-0.0356403748535429,0.0120088283115208,-7.004607658358719e-07,0.0001307634860004,0.9029940502422902,0.4296530322567787,begin_weld
655,1731012337.750788,4608490,1731012337,750239304,,0.0298443934911551,-0.0355826285188017,0.0119683977986846,3.383120412750287e-05,-7.321703955624398e-05,0.9031287437494788,0.4293698472275423,begin_weld
656,1731012337.8108754,4608491,1731012337,810232349,,0.0304342597936402,-0.0358966354781453,0.0119838218703696,-6.752696294606088e-06,-0.0001856295723061,0.9030525127416296,0.4295301208612642,begin_weld
657,1731012337.8702347,4608492,1731012337,869241093,,0.0299087886465385,-0.0368574210880415,0.0120192192377687,-5.629745993732518e-07,0.0001480562929722,0.9029656682752428,0.4297126714390223,begin_weld
658,1731012337.931105,4608493,1731012337,930231622,,0.0296707706873762,-0.0374085131055846,0.0120090502573273,-4.056280600725455e-06,7.008703067488225e-05,0.9029875058003832,0.4296668004858621,begin_weld
659,1731012337.9912624,4608494,1731012337,990234249,,0.0305213777856196,-0.0374235626419542,0.0119646374585686,4.955156264566271e-05,-2.7479980157791043e-05,0.9031502145641483,0.4293246868306387,begin_weld
660,1731012338.0509784,4608495,1731012338,50236798,,0.0311504770254034,-0.0377143316334351,0.0119771537577667,-2.468434380093232e-06,-0.0001924847801747,0.9030683617118316,0.4294967951203183,begin_weld
661,1731012338.110928,4608496,1731012338,110289117,,0.0306379320348612,-0.0387080021589439,0.0120449541225813,-3.849465586035654e-05,0.0001430227694248,0.9029616996787376,0.429721010628913,begin_weld
662,1731012338.171106,4608497,1731012338,170231825,,0.0303541480614299,-0.0391822112625357,0.0120020006580431,-8.072305016498346e-06,9.307819155396312e-06,0.9029916771804772,0.4296580393650178,begin_weld
663,1731012338.2307346,4608498,1731012338,230232841,,0.03112047199882,-0.0392845166232618,0.0119797682342732,1.4595587024057236e-05,-7.652968188429436e-05,0.9031268322997436,0.4293738682202349,begin_weld
664,1731012338.2912807,4608499,1731012338,290231728,,0.0317175155708301,-0.0396108405647173,0.0119642250605326,4.312113174473691e-05,-0.0001416731445561,0.9030611170235188,0.4295120452205303,begin_weld
665,1731012338.3511932,4608500,1731012338,350239120,,0.0312559911128229,-0.0405309703712343,0.0120201749887556,8.62392825297741e-06,0.000159588521669,0.902971443695714,0.4297005309831599,begin_weld
666,1731012338.4112792,4608501,1731012338,410231861,,0.0309705880525519,-0.0410889176349109,0.0120193856715929,-3.9062405777722336e-05,5.250492406029466e-05,0.9029577047757802,0.4297294254567824,begin_weld
667,1731012338.4711893,4608502,1731012338,470234449,,0.0316520399425265,-0.0412219054631918,0.0119959283016298,1.40770382433679e-05,4.789176088984776e-05,0.9031540585421212,0.4293166011780946,begin_weld
668,1731012338.530983,4608503,1731012338,530233812,,0.0323097891259734,-0.041501575153471,0.0119839134017039,2.0003069784279736e-05,-0.0001407090898119,0.9030658634852592,0.4295020675252358,begin_weld
669,1731012338.5910535,4608504,1731012338,590264707,,0.0318691743066298,-0.0423944168561102,0.012039680497726,-3.561084631783816e-05,0.0001214705355151,0.9029611355475706,0.4297222029025478,begin_weld
670,1731012338.6507452,4608505,1731012338,650234693,,0.0315001464671347,-0.0428319352030673,0.0119889638762023,4.832236826066705e-07,-5.197569783811671e-05,0.902995700406854,0.4296495808737958,begin_weld
671,1731012338.7106814,4608506,1731012338,710234392,,0.0320709313310391,-0.0430618137017083,0.0119696726660369,5.393617764028388e-05,-2.1028757764765228e-05,0.9031489355543416,0.4293273772492733,begin_weld
672,1731012338.7709885,4608507,1731012338,770232864,,0.0327305210424537,-0.0434457242647129,0.011973235433828,1.729317367475304e-05,-0.0001657894598563,0.903013483445286,0.4296121750262802,begin_weld
673,1731012338.8312132,4608508,1731012338,830234736,,0.0323778646819103,-0.0442754029539612,0.012025302536726,-1.786626802603374e-05,0.000114687576398,0.902951784030799,0.4297418553540644,begin_weld
674,1731012338.8914807,4608509,1731012338,890232629,,0.0320464024737248,-0.044755060522267,0.012003295063359,-2.183936394496562e-05,1.3753826365861284e-05,0.9029845842351264,0.4296729453521486,begin_weld
675,1731012338.9509614,4608510,1731012338,950236968,,0.0325068228258886,-0.0450381151852042,0.012010538785603,-4.030311836016074e-06,2.702961849702498e-05,0.9031339844889926,0.4293588304835389,begin_weld
676,1731012339.0109324,4608511,1731012339,10235321,,0.0331116082007103,-0.0453597546093326,0.0119583257025241,7.215855305978155e-05,-0.0001278510871177,0.9030406816996902,0.4295550088668523,begin_weld
677,1731012339.0701356,4608512,1731012339,69253390,,0.0329277542596659,-0.0460990947324355,0.0120134385436034,6.010580197451688e-07,9.059839665345036e-05,0.902993747092938,0.4296536797266191,begin_weld
678,1731012339.1308787,4608513,1731012339,130233450,,0.0323855435327469,-0.0467729262944645,0.0120275397544634,-4.750111622705889e-05,8.157626821717299e-05,0.9029306234016076,0.4297863194804375,begin_weld
679,1731012339.1908228,4608514,1731012339,190234359,,0.0329623281101406,-0.046947445990471,0.0119942203331867,1.3670228256942035e-05,-5.436036204258682e-05,0.9031539256537858,0.4293168799782182,begin_weld
680,1731012339.2512815,4608515,1731012339,250234634,,0.0329630973558537,-0.0471565579879345,0.0119933167195915,1.1114907931158328e-05,-6.904755732273087e-05,0.9029715398481036,0.4297003529591736,begin_weld
1422,1731012383.7712178,4609257,1731012383,770240175,,0.0324725930888221,-0.0469836239549645,0.0134631347353847,8.427847002856396e-05,7.499484742679998e-05,0.9030205719256924,0.4295972927660368,begin_weld
1423,1731012383.8311388,4609258,1731012383,830234240,,0.0325294377351783,-0.0461708995662842,0.0133735239650504,0.0002319083049139,3.208389110827173e-06,0.9031748457785328,0.4292728085508888,begin_weld
1424,1731012383.8910737,4609259,1731012383,890231477,,0.0330859371874003,-0.0457208786598417,0.0134616471905138,7.017767260859254e-05,3.3940341278639304e-05,0.9030942072364024,0.4294424836683038,begin_weld
1425,1731012383.950785,4609260,1731012383,950236047,,0.0328271105079798,-0.0453183546289119,0.0134396549252741,7.59377376857492e-05,-2.3155983505126235e-05,0.9030051824212496,0.4296296477405002,begin_weld
1426,1731012384.0108254,4609261,1731012384,10236062,,0.0321099578869282,-0.0450956702916492,0.0135044819428513,7.891267148209717e-06,0.0001851204596234,0.9030409778676556,0.4295543713663869,begin_weld
1427,1731012384.071238,4609262,1731012384,70232968,,0.0321264396336238,-0.0444572663332236,0.013500973496722,-1.4356397885035343e-05,-2.545274141783758e-05,0.9030423817690366,0.4295514589370607,begin_weld
1428,1731012384.1303418,4609263,1731012384,129341308,,0.0327268900836608,-0.0437046461270927,0.0134681927635963,3.979948295083847e-06,-0.0001593953383909,0.9030931721978032,0.4294446377671925,begin_weld
1429,1731012384.1900394,4609264,1731012384,189244303,,0.0325337037171955,-0.043423891350926,0.0134835036170309,-2.6876396795589636e-05,-7.640439976683003e-05,0.9029666426510412,0.4297106418271883,begin_weld
1430,1731012384.2511616,4609265,1731012384,250234665,,0.0316888940779173,-0.0432192205096663,0.0135087960629275,6.926358210872494e-06,0.0001733861789409,0.9030132308713812,0.4296127032112626,begin_weld
1431,1731012384.310951,4609266,1731012384,310234828,,0.0315560345284638,-0.0426328253275383,0.013501586266455,-4.117345509080152e-06,5.326892516764104e-06,0.9030163904556662,0.4296060969342632,begin_weld
1432,1731012384.3708313,4609267,1731012384,370232063,,0.0321595801792546,-0.0417550992734211,0.0134427096975355,5.249683393742123e-05,-0.0001681382315108,0.9031442913925272,0.4293371145134172,begin_weld
1433,1731012384.4308684,4609268,1731012384,430232871,,0.0320999937356278,-0.0415818400452854,0.013516403185195,-4.375568729441255e-05,4.4093463774945645e-05,0.9029788164376004,0.429685062814798,begin_weld
1434,1731012384.4917011,4609269,1731012384,490234621,,0.0312625141231217,-0.0413689866407065,0.0135179540916403,-9.21038086571572e-06,0.0001804791046536,0.9029764665145362,0.4296899676084889,begin_weld
1435,1731012384.55011,4609270,1731012384,549241744,,0.0309994724644395,-0.0407519145995017,0.0134965521919853,-2.2551372341153845e-05,-6.910447731715368e-05,0.9030101697484806,0.4296191662936223,begin_weld
1436,1731012384.6101685,4609271,1731012384,609252671,,0.0315612858321267,-0.0399383138754364,0.0134501901495359,4.657562172510116e-05,-0.0001203997471827,0.9031267289262304,0.4293740733132586,begin_weld
1437,1731012384.670174,4609272,1731012384,669264212,,0.0316161597938951,-0.039526628272622,0.0134587235646198,1.952861097386661e-05,-0.0001021415317573,0.9030307344655902,0.4295759325151696,begin_weld
1438,1731012384.7311273,4609273,1731012384,730233272,,0.0307022256650198,-0.0394560787142792,0.0135050685727161,6.622920764436739e-06,0.000108872217933,0.9029741969766988,0.4296947610772831,begin_weld
1439,1731012384.7914162,4609274,1731012384,790235225,,0.0303185578120072,-0.0390553031479857,0.0135173162950196,-2.1840311505456196e-05,7.438403764917581e-05,0.9029733806188864,0.4296964834435061,begin_weld
1440,1731012384.851109,4609275,1731012384,850233969,,0.0309487690945345,-0.0380281068801648,0.0134475992496353,3.2699768867952134e-05,-0.0001943806371314,0.9031463125739636,0.4293328536589595,begin_weld
1441,1731012384.911141,4609276,1731012384,910233199,,0.0309637238607395,-0.0378267427699169,0.0135138723998791,-1.9535782797540664e-05,9.407624515660556e-05,0.9030032826820004,0.4296336372230934,begin_weld
1442,1731012384.9712164,4609277,1731012384,970234513,,0.0300714556009942,-0.0377155450637337,0.0135249979238279,-1.730389130614512e-05,0.0001854810934616,0.9029158091414328,0.4298174111175712,begin_weld
1443,1731012385.0313008,4609278,1731012385,30243809,,0.0296874855948766,-0.0371638193835729,0.0134837257443587,1.8280811995299136e-05,4.192074974625049e-07,0.9030305245426092,0.429576386001298,begin_weld
1444,1731012385.09012,4609279,1731012385,89245708,,0.0302273836941542,-0.0362151977475404,0.0134502162843708,2.102953658829713e-05,-0.0002398071395364,0.9031196287832152,0.4293889590531668,begin_weld
1445,1731012385.1503532,4609280,1731012385,149263050,,0.0304195947610822,-0.0357726108854761,0.0135026377058242,-4.229179969433832e-05,-0.0001532677711806,0.9030565464149218,0.4295216510230285,begin_weld
1446,1731012385.2109156,4609281,1731012385,210232530,,0.0294701089805826,-0.0357705055299838,0.0135277594292304,-3.0567066113355385e-05,5.820132714878475e-05,0.902958840281658,0.4297270394511649,begin_weld
1447,1731012385.2711298,4609282,1731012385,270235362,,0.0288711856266456,-0.0354835174044989,0.0135016703852887,1.7282944560127222e-05,0.0001526489486505,0.9029966438635156,0.4296475736819949,begin_weld
1448,1731012385.331005,4609283,1731012385,330232551,,0.0293891217284218,-0.0344745707500048,0.0134431598160526,4.4328879424045846e-05,-0.0001487855878497,0.9031198791798796,0.4293884718153468,begin_weld
1449,1731012385.391012,4609284,1731012385,390233152,,0.0295533606688037,-0.0340445747211737,0.0134950555881251,-1.2232957508030143e-05,-1.5701158915224903e-05,0.9030423054002272,0.4295516200193766,begin_weld
1450,1731012385.451263,4609285,1731012385,450236688,,0.0286712835953555,-0.034011066459926,0.0135009075171204,6.078513204208248e-06,0.0001093143381153,0.9029341639080896,0.4297788776347973,begin_weld
1451,1731012385.511082,4609286,1731012385,510233811,,0.0280929204842681,-0.0337273693951143,0.0135125907161723,-1.0947105012179076e-05,0.0001287724098215,0.902981518556758,0.4296793693473756,begin_weld
1452,1731012385.5712566,4609287,1731012385,570236598,,0.028569265456134,-0.032712512578796,0.0134597707890667,1.3083988242841963e-05,-0.0001631215456355,0.9031106168156062,0.4294079494083755,begin_weld
1453,1731012385.6301448,4609288,1731012385,629246217,,0.0288222562165628,-0.0321090963144577,0.0134867791173672,-1.5163060347785736e-05,-0.0001720824236994,0.9030901400394602,0.4294510089884866,begin_weld
1454,1731012385.6910548,4609289,1731012385,690232856,,0.0278974395130618,-0.0321942414734961,0.0135087231340857,1.4056059373235407e-05,0.0001126198533182,0.9029751794948272,0.4296926952316977,begin_weld
1455,1731012385.7511947,4609290,1731012385,750236972,,0.0272087156779564,-0.0320404439474817,0.0135098772986122,-2.8949465391024825e-06,0.000193852406323,0.9029668149745472,0.4297102436149108,begin_weld
1456,1731012385.811009,4609291,1731012385,810232236,,0.0276016889042947,-0.0310338310603781,0.0134491630134164,3.7043789100898256e-05,-0.0001065834238913,0.9030906692239348,0.4294499160884738,begin_weld
1457,1731012385.8710396,4609292,1731012385,870232626,,0.0278848911232074,-0.0303999071837455,0.0134927612039411,-3.673496363774836e-05,-0.0001493718139087,0.9030512197850942,0.4295328518090989,begin_weld
1458,1731012385.930965,4609293,1731012385,930233298,,0.027050990269563,-0.030400213926422,0.0134885408798685,1.7346225067362286e-05,4.5505229493210153e-05,0.9029716623273696,0.4297000985130553,begin_weld
1459,1731012385.9908297,4609294,1731012385,990233201,,0.0262953569011882,-0.0303425214441912,0.0135078631553839,1.4235851871023812e-05,0.0002414781183977,0.9029897128585544,0.4296620997450023,begin_weld
1460,1731012386.0501485,4609295,1731012386,49243446,,0.0266117479485273,-0.0293861736346892,0.013459529506396,2.244449227057856e-05,-7.997568454861113e-05,0.9030757001993094,0.4294813998413221,begin_weld
1461,1731012386.1113167,4609296,1731012386,110239292,,0.0269308838009297,-0.0285937568317793,0.0134624852984238,1.6200839911736804e-05,-0.0002029085523308,0.9030895671455929,0.4294522002254011,begin_weld
1462,1731012386.1711638,4609297,1731012386,170232476,,0.0262057321958573,-0.028632136078673,0.0135017132232997,4.773338732570845e-07,5.41965330144587e-05,0.9030195450650772,0.4295994626311453,begin_weld
1463,1731012386.2309115,4609298,1731012386,230233685,,0.0253722167313999,-0.0286375268406229,0.0135061242872043,2.654163689982112e-05,0.0002882149025605,0.9030498340928668,0.42953569510875,begin_weld
1464,1731012386.290929,4609299,1731012386,290231685,,0.0256240313750098,-0.027810339662227,0.0135243918154671,-9.281087005008967e-05,-9.009001236676617e-05,0.9030210954170574,0.4295961877178495,begin_weld
1465,1731012386.351095,4609300,1731012386,350235347,,0.0259075975222796,-0.0268784574652634,0.0134474478732211,2.4328487628722382e-05,-0.0002499585928684,0.9030954236981936,0.4294398591470132,begin_weld
1466,1731012386.4112103,4609301,1731012386,410233143,,0.0251944683534185,-0.0269673772168981,0.0135005347731665,6.715931326812206e-06,9.002112172716091e-05,0.9030347809971464,0.4295674291197248,begin_weld
1467,1731012386.4708898,4609302,1731012386,470233756,,0.0243603371028999,-0.0269822704747854,0.0135067500793702,2.4471401279696304e-05,0.0002813456385773,0.9030424339779576,0.4295512573383391,begin_weld
1468,1731012386.5312214,4609303,1731012386,530235824,,0.0244437208472881,-0.0261701288644868,0.0134732408837573,2.0689434715431094e-05,-1.4736718751399827e-05,0.9030553677395728,0.4295241578206298,begin_weld
1469,1731012386.591257,4609304,1731012386,590276928,,0.024825485445831,-0.0252700601128342,0.01347269089739,-2.8361438072739547e-05,-0.0002654545192149,0.9030655653263197,0.4295026349760637,begin_weld
1470,1731012386.6511643,4609305,1731012386,650235774,,0.0241878816109237,-0.0252628349675221,0.013490719131767,1.3080502627341512e-06,4.097505666967898e-05,0.9030442931153716,0.4295474397445438,begin_weld
1471,1731012386.710864,4609306,1731012386,710235292,,0.0233314610146273,-0.0253635940087923,0.0135171984031661,-1.7035563138998375e-06,0.0002673211510866,0.9030378203298074,0.4295609660926964,begin_weld
1472,1731012386.7708285,4609307,1731012386,770232192,,0.0233025646110459,-0.0246821682948906,0.013526181259111,-7.024692457092979e-05,-1.4455152015797771e-05,0.903003720446557,0.4296327218870725,begin_weld
1473,1731012386.8307326,4609308,1731012386,830232880,,0.0236306704430248,-0.0236642061292549,0.0134483008102262,3.116381937554108e-05,-0.0002376507016267,0.9030894604653996,0.4294524059162713,begin_weld
1474,1731012386.8909972,4609309,1731012386,890232968,,0.023117286247022,-0.0235952011997101,0.0134815310879588,7.124105383163035e-06,2.176424222550654e-07,0.9030567296798762,0.4295212950821959,begin_weld
1475,1731012386.9512987,4609310,1731012386,950236355,,0.0222815492792667,-0.0237313760472686,0.0135142184618751,1.0643334421910796e-05,0.000272913662686,0.90304321797396,0.4295496151506683,begin_weld
1476,1731012387.0110495,4609311,1731012387,10233509,,0.022015294623414,-0.0232174248386498,0.0135136797985496,-2.636180648637458e-05,3.541584684401976e-05,0.9029876623559552,0.4296664749357353,begin_weld
1477,1731012387.070155,4609312,1731012387,69258000,,0.0223955195135814,-0.0221760200479411,0.0134705250173966,3.903824574281847e-07,-0.0002347552584668,0.9030943494113872,0.4294421275923446,begin_weld
1478,1731012387.130902,4609313,1731012387,130231980,,0.0219996831518279,-0.0219558578403415,0.013468645352853,3.2385274574608176e-05,-4.064514217418041e-05,0.9030492338149376,0.4295370514931401,begin_weld
1479,1731012387.1912398,4609314,1731012387,190234536,,0.0211136563107953,-0.0222132102688998,0.0135357049579841,-2.746921039466276e-05,0.0002586981290167,0.9030074008356308,0.4296249135662396,begin_weld
1480,1731012387.2510123,4609315,1731012387,250235998,,0.0207489736324812,-0.0217294958006191,0.0134935739554477,2.5097181675235457e-05,9.85389894958494e-05,0.90299245619645,0.4296563902847266,begin_weld
1481,1731012387.311068,4609316,1731012387,310233716,,0.0211366819549002,-0.0206962637875974,0.0134845773851079,-2.0605062730792495e-05,-0.000183636739944,0.9030837782126172,0.4294643819715477,begin_weld
1482,1731012387.3709226,4609317,1731012387,370233130,,0.0207855885328225,-0.0204267107002083,0.0134732658091248,3.608370168039976e-06,-7.473884483657197e-05,0.9030216250766554,0.4295950873147892,begin_weld
1483,1731012387.431203,4609318,1731012387,430233820,,0.0198520973119546,-0.0207022750328044,0.0135132256355053,-1.3078363377858347e-05,0.0002274385413655,0.9029791912397842,0.4296842192687691,begin_weld
1484,1731012387.4911704,4609319,1731012387,490237756,,0.0194697342322328,-0.020376295036638,0.0135412846856428,-3.4525914693691055e-05,0.0001009852953248,0.9029611335249308,0.4297222125435262,begin_weld
1485,1731012387.5504584,4609320,1731012387,549309294,,0.0197639695517928,-0.0192500474203657,0.0134562202082417,1.7000296739887538e-05,-0.0002286619248162,0.903093612206969,0.4294436808426485,begin_weld
1486,1731012387.610921,4609321,1731012387,610232460,,0.0195220259353469,-0.0189376846590412,0.0134686931471381,2.769092354203981e-05,-1.684052938997026e-05,0.9030652134183772,0.4295034566371152,begin_weld
1487,1731012387.6701612,4609322,1731012387,669242547,,0.0185756185080796,-0.019272961985978,0.0135184361922805,-1.3533096064500171e-05,0.0001973249136048,0.902939972601312,0.4297666422123473,begin_weld
1488,1731012387.730784,4609323,1731012387,730232225,,0.0181648998216504,-0.0189704337204396,0.0135526274540759,-4.857091200479981e-05,4.673955257075108e-05,0.9029696772732017,0.4297042673530376,begin_weld
1489,1731012387.7909691,4609324,1731012387,790233438,,0.0183964592357049,-0.0178853038565506,0.0134701459127932,-1.423413505921714e-05,-0.0002176352068816,0.9030644016304568,0.4295051093294831,begin_weld
1490,1731012387.851222,4609325,1731012387,850235791,,0.0182293501127517,-0.0174654092275606,0.0134649180970354,2.1733912947308277e-05,-6.22457690061512e-05,0.9030575619372774,0.4295195402784392,begin_weld
1491,1731012387.9111326,4609326,1731012387,910234163,,0.0172312002892914,-0.0178046219610149,0.0135000614515709,1.2853354224482922e-05,0.0002042177506906,0.9029403180050838,0.4297659133188435,begin_weld
1492,1731012387.9712756,4609327,1731012387,970236086,,0.0167547919285571,-0.0176328779082881,0.0135403691729222,-1.6224050424481833e-05,0.0001116065666513,0.9029810067001888,0.429680449659358,begin_weld
1493,1731012388.0302196,4609328,1731012388,29250496,,0.0169344630653187,-0.0165523917860804,0.0134536576223917,4.335679297594975e-05,-0.0001131621971228,0.9031034764955664,0.4294229803540184,begin_weld
1494,1731012388.0909996,4609329,1731012388,90232665,,0.0169130858586764,-0.0160042338782156,0.0134662726414336,2.3675973189809483e-05,-0.0001102417056121,0.9030751706459432,0.429482506569261,begin_weld
1495,1731012388.1509807,4609330,1731012388,150239310,,0.0159110485510685,-0.0164157667069785,0.0135221907282181,-4.152192166197674e-05,0.0001651986938399,0.902915993131506,0.4298170312268559,begin_weld
1496,1731012388.2108011,4609331,1731012388,210242948,,0.0153518788701294,-0.0162841478865079,0.0135438085719271,-2.387671800078616e-05,0.0001355414440071,0.902986235731688,0.4296694533447026,begin_weld
1497,1731012388.2711716,4609332,1731012388,270234307,,0.0155108589701627,-0.015199707715127,0.0134498663844806,4.199083236857181e-05,-0.0001223886530059,0.9030859575792366,0.4294598194022124,begin_weld
1498,1731012388.3308449,4609333,1731012388,330232762,,0.0156287328698728,-0.0145419739094496,0.013477027946007,-1.1642550394370008e-05,-0.0001759066381318,0.9031059596000156,0.4294177391028934,begin_weld
1499,1731012388.3914492,4609334,1731012388,390234695,,0.0145434716219333,-0.0149312246587198,0.0134821653050077,2.068537580898926e-05,0.0001222106912287,0.9029357569476896,0.4297755268299549,begin_weld
1500,1731012388.451084,4609335,1731012388,450236354,,0.0139022887742243,-0.0149556280111823,0.0135267094508044,1.953145379533854e-05,0.0001946733455998,0.9029740501045146,0.4296950390203037,begin_weld
1501,1731012388.5100884,4609336,1731012388,509254949,,0.0140983236409558,-0.0139441745633839,0.0134956046868524,-3.738293900327582e-05,-0.0001009828610098,0.903041553457579,0.4295531877822583,begin_weld
1502,1731012388.5708468,4609337,1731012388,570231860,,0.0142633389611782,-0.0130398281233833,0.01343876896895,4.729120802892817e-05,-0.0002215648019717,0.9031657338303476,0.4292919821138868,begin_weld
1503,1731012388.6308594,4609338,1731012388,630232706,,0.0132293930217354,-0.0134955734467717,0.0134919997260777,-1.102537936677562e-05,7.890319163227587e-05,0.9029396091033164,0.4297674440497763,begin_weld
1504,1731012388.6909225,4609339,1731012388,690232052,,0.0125151141097283,-0.0135904537948187,0.0135293887432458,3.008441732573051e-06,0.0002069903779077,0.902974368050966,0.4296943655540431,begin_weld
1505,1731012388.7508717,4609340,1731012388,750236707,,0.0126520433797417,-0.012602446224697,0.0134877125398802,-2.2645388848078862e-05,-8.737536519021407e-05,0.9030347317947308,0.4295675325547202,begin_weld
1506,1731012388.810751,4609341,1731012388,810235107,,0.0128659530591018,-0.0116726430042833,0.0134512268135975,-5.537141175857586e-06,-0.0002966318470503,0.9031072534502318,0.4294149517011095,begin_weld
1507,1731012388.8710823,4609342,1731012388,870232348,,0.0118791902178329,-0.0120310186930506,0.0134691513223882,2.106717914898352e-05,4.588342528589287e-05,0.902959690364136,0.4297252552834065,begin_weld
1508,1731012388.9308531,4609343,1731012388,930236223,,0.0111444186544597,-0.0122047898966202,0.0135223319948841,4.03977929798009e-06,0.0002630280381837,0.9030062691660264,0.429627290388757,begin_weld
1509,1731012388.990447,4609344,1731012388,989257453,,0.0112473683648764,-0.0112839976588697,0.0134918983158233,-2.981544223314739e-05,-3.1852047492658256e-05,0.9030432507671504,0.4295496308232425,begin_weld
1510,1731012389.0510845,4609345,1731012389,50233978,,0.0114430502620957,-0.0103001237829269,0.0134403668284383,5.32980884729386e-05,-0.0002160465759719,0.9031449215615768,0.4293357673671323,begin_weld
1511,1731012389.1107388,4609346,1731012389,110237572,,0.0105660257942175,-0.0105911721374428,0.0134731713754845,1.3518863514050923e-05,4.422847788213935e-05,0.902994341577444,0.4296524373725819,begin_weld
1512,1731012389.1712372,4609347,1731012389,170232196,,0.0097916814992226,-0.0107452471268979,0.0134987620755859,1.652358566209397e-05,0.0001978431953048,0.9030185175929416,0.4296015799194497,begin_weld
1513,1731012389.2311618,4609348,1731012389,230231954,,0.0098318330630438,-0.0099030774772308,0.0134810164538984,-9.330540483601583e-06,-5.8497395338550165e-05,0.90304110569587,0.4295541385140832,begin_weld
1514,1731012389.2909403,4609349,1731012389,290232361,,0.010071311049545,-0.008955190035174,0.0134712030423925,-1.841937000260297e-05,-0.000274932021775,0.903105770309838,0.4294180849780133,begin_weld
1515,1731012389.3515632,4609350,1731012389,350235962,,0.0092104667390952,-0.0091726814921108,0.0134628817946709,3.4127877779015286e-05,5.528668968683138e-05,0.9029998420945412,0.4296408744008228,begin_weld
1516,1731012389.4112902,4609351,1731012389,410238864,,0.0084632468722635,-0.0093135978409429,0.0134956271378767,1.4332058722913933e-05,0.0001764081242028,0.9030355501620764,0.429565785204364,begin_weld
1517,1731012389.4699943,4609352,1731012389,469243923,,0.0084109392117046,-0.00863501005001,0.0135140077518762,-3.54407788077459e-05,-2.2651273938776747e-05,0.9030227013557712,0.4295928293942957,begin_weld
1518,1731012389.5308237,4609353,1731012389,530232152,,0.008643652746883,-0.0076051581296985,0.0134623128054465,-1.8240977095266377e-07,-0.0002728382558075,0.9030916551286056,0.4294477709760857,begin_weld
1519,1731012389.5912137,4609354,1731012389,590237888,,0.00791242870676,-0.0077266581176018,0.013467557138,2.3054204894929304e-05,3.7710671121175766e-05,0.90302512312595,0.4295877384769867,begin_weld
1520,1731012389.6509354,4609355,1731012389,650233603,,0.007107845169759,-0.0079114227911006,0.0134950334071213,1.4723068780042555e-05,0.0002011722825987,0.9030488469326684,0.4295378206474045,begin_weld
1521,1731012389.7108667,4609356,1731012389,710232019,,0.0069781656502216,-0.0073195147864423,0.0135163878543872,-2.4362753916238437e-05,2.2981867073139896e-05,0.9030161798770684,0.4296065383097846,begin_weld
1522,1731012389.771146,4609357,1731012389,770232553,,0.0072401897176434,-0.0063053076355967,0.0134888084958015,-4.7923382095299535e-05,-0.0002718607978934,0.903058716651098,0.4295170288539537,begin_weld
1523,1731012389.831489,4609358,1731012389,830232989,,0.0066565139940762,-0.0062251127651078,0.0134667855984271,2.0815493289861104e-05,-2.4547697598136023e-05,0.903042987245762,0.4295501858344101,begin_weld
1524,1731012389.891178,4609359,1731012389,890236026,,0.0057638863364643,-0.006516150412728,0.0134883848097669,2.6005290967137197e-05,0.0002285592577257,0.9030090767505986,0.4296214082077638,begin_weld
1525,1731012389.9501662,4609360,1731012389,949256958,,0.0055494511543192,-0.0060574251581156,0.0135400985602459,-4.7619546037368816e-05,1.968001257683579e-05,0.9029920680135856,0.4296572150559371,begin_weld
1526,1731012390.01094,4609361,1731012390,10232072,,0.0057687066945404,-0.0049766005952837,0.0134656726528344,3.403512892187353e-06,-0.0002258772600578,0.903080697388638,0.429470840653857,begin_weld
1527,1731012390.0712452,4609362,1731012390,70234880,,0.0053180546519467,-0.0048553325319627,0.0134869025351678,-2.735427652046048e-05,-5.564744951884162e-05,0.9030234535873332,0.4295912457514825,begin_weld
1528,1731012390.13104,4609363,1731012390,130232157,,0.0043952427153295,-0.0051368096795001,0.0134999256476459,1.660273523587821e-05,0.0002435750602509,0.9030276206283286,0.4295824214023177,begin_weld
1529,1731012390.191099,4609364,1731012390,190232564,,0.004120486962739,-0.0047492957069588,0.013546793291953,-4.010401166709932e-05,9.919762330644044e-05,0.9029856255943696,0.4296707443164417,begin_weld
1530,1731012390.250751,4609365,1731012390,250234790,,0.004345713505746,-0.0036486353426171,0.0134704665805224,3.5460029622539387e-06,-0.0002020195243971,0.9030694551391186,0.4294944916646464,begin_weld
1531,1731012390.3117073,4609366,1731012390,310233622,,0.0039967145521869,-0.0033602641567903,0.0134581805476028,1.817281932584941e-05,-0.0001070035210725,0.9030559711550054,0.42952287620252,begin_weld
1532,1731012390.3702226,4609367,1731012390,369243241,,0.0030785912040676,-0.0037216028743218,0.013502545967441,-1.963952104586398e-06,0.0002095938257837,0.9030031805048468,0.4296338115938991,begin_weld
1533,1731012390.4305863,4609368,1731012390,429270139,,0.0026595393452605,-0.0034887567693396,0.0135461708848432,-1.3728470417827328e-05,0.0001569618728489,0.902982084373739,0.429678170814573,begin_weld
1534,1731012390.4910693,4609369,1731012390,490232333,,0.0028403681508054,-0.0023706192890653,0.0134669948384211,1.906884824575931e-05,-0.0001533826836301,0.9030630085179184,0.4295080659972493,begin_weld
1535,1731012390.5508585,4609370,1731012390,550245937,,0.0027676597456822,-0.001897259953411,0.0134835434108526,-2.248532925039494e-05,-0.0001193604129997,0.9031112346412336,0.429406664028737,begin_weld
1536,1731012390.6112578,4609371,1731012390,610232818,,0.0017283098791668,-0.0022806927166821,0.0134979465773408,1.4002237851466256e-05,0.0001809392965805,0.9029901750258624,0.4296611582068717,begin_weld
1537,1731012390.6709776,4609372,1731012390,670233333,,0.0012114105547195,-0.0021532922971414,0.0135415220402015,1.2385818139712105e-05,0.0002088377165611,0.9029713638421568,0.4297006775820059,begin_weld
1538,1731012390.7303684,4609373,1731012390,729246296,,0.0014498403045775,-0.0010316253146747,0.0134568516478106,3.0151677756114235e-05,-0.0001201915651512,0.903068840529983,0.4294958136102097,begin_weld
1539,1731012390.7912002,4609374,1731012390,790243784,,0.0013815767080805,-0.000501502363913,0.0134708813152563,-5.283405102475845e-06,-0.0001578063693619,0.9030743155424964,0.4294842903724036,begin_weld
1540,1731012390.8503194,4609375,1731012390,849243069,,0.0003658979014297,-0.000859798702672,0.0134815117228155,3.4065882739578415e-05,0.0001505479815244,0.902971680976978,0.4297000343593561,begin_weld
1541,1731012390.9103744,4609376,1731012390,909250286,,-0.0001915967205894,-0.0008224909878382,0.0135416553531573,9.71665378437247e-06,0.0002116778761273,0.90296870550653,0.4297062624327516,begin_weld
1542,1731012390.9707763,4609377,1731012390,970232907,,6.242458885633018e-05,0.0003305813950192,0.0134812572666502,-1.815006020506208e-05,-0.0001641063742241,0.9030608109284112,0.4295126825892268,begin_weld
1543,1731012391.0312235,4609378,1731012391,30235486,,6.107447282333034e-05,0.0009651780786087,0.0134570121957758,3.3419429496679e-05,-0.0001427440931257,0.9031369652420772,0.429352536408715,begin_weld
1544,1731012391.091033,4609379,1731012391,90232541,,-0.0009755844551526,0.0005431363458807,0.0134950188445298,7.884135233096801e-07,0.0001215448772094,0.9029488254124716,0.4297480702835781,begin_weld
1545,1731012391.1508625,4609380,1731012391,150237702,,-0.0016035749318392,0.0005443188812846,0.0135408082387269,1.8586971302503927e-06,0.000194810753327,0.9029554810997744,0.4297340586888482,begin_weld
1546,1731012391.211271,4609381,1731012391,210232983,,-0.0013864323614689,0.0017037048979444,0.0134447745108571,4.603100828091565e-05,-0.0001254994057914,0.903089532544738,0.4294523004236584,begin_weld
1547,1731012391.2715557,4609382,1731012391,270251165,,-0.0012506551750851,0.0023826853715631,0.0134719710037518,-3.756413423117797e-06,-0.0001872606472909,0.9031366346270056,0.4293532160284184,begin_weld
1548,1731012391.3310611,4609383,1731012391,330235398,,-0.002339418871172,0.0019680112644356,0.0134852850166475,2.0815418433589467e-05,0.0001188590877877,0.902951124601872,0.4297432396436857,begin_weld
1549,1731012391.3906698,4609384,1731012391,389251239,,-0.0029769294763191,0.0019167012097638,0.0135408448826178,-6.119063550796095e-06,0.0001879170246601,0.9029678792407154,0.4297080098267588,begin_weld
1550,1731012391.4510694,4609385,1731012391,450235011,,-0.0027557999134791,0.0029788734304637,0.0134979562933545,-6.013044750671885e-05,-0.0001223400663369,0.9030503092013342,0.429534772129815,begin_weld
1551,1731012391.510773,4609386,1731012391,510234893,,-0.0026348650863286,0.0038241594546685,0.0134477371988554,4.1781084123342405e-05,-0.0001820745948087,0.9031722710592264,0.4292782476353796,begin_weld
1552,1731012391.571096,4609387,1731012391,570232623,,-0.0036409324169273,0.0034541840708929,0.0134754653340884,1.955930887186393e-05,7.952793140255152e-05,0.9029755724025684,0.4296918767407587,begin_weld
1553,1731012391.63077,4609388,1731012391,630233383,,-0.0043406583083353,0.0033379517387983,0.0135316880903401,-1.3997469139279113e-05,0.0001758599547428,0.9029891992368992,0.4296632110605362,begin_weld
1554,1731012391.6910994,4609389,1731012391,690232478,,-0.0042013120641724,0.0043485063805901,0.0134781837173409,1.2443642858726073e-07,-8.75627756016253e-05,0.9030807323475778,0.429470817629449,begin_weld
1555,1731012391.751511,4609390,1731012391,750289061,,-0.0040630591893477,0.0052084940409379,0.0134359763820836,4.690766118325356e-05,-0.0002307722035359,0.903130138563878,0.4293668563844352,begin_weld
1556,1731012391.8109822,4609391,1731012391,810235227,,-0.0049896166154995,0.004849133600968,0.013489851135821,-2.277937843638709e-05,9.6139558681757e-06,0.9029441233408564,0.4297579662006093,begin_weld
1557,1731012391.871367,4609392,1731012391,870256653,,-0.0057839982818915,0.0046676129863648,0.0135135248167067,1.538669369439681e-05,0.0002496942755337,0.9029723889222304,0.4296985015800016,begin_weld
1558,1731012391.9308922,4609393,1731012391,930231966,,-0.005636734229821,0.0056587242507635,0.013472265890461,-9.209136051200403e-08,-5.864290561791382e-05,0.903050644848574,0.4295340840952854,begin_weld
1559,1731012391.991015,4609394,1731012391,990236606,,-0.0054248621108706,0.0065387082724056,0.0134769381208016,-2.212522610318079e-05,-0.0002334261573742,0.9031061223193786,0.429417369061801,begin_weld
1560,1731012392.0508249,4609395,1731012392,50234381,,-0.0063285391178374,0.0063117210191548,0.0134682754652176,2.018000861034516e-05,1.6295988427556345e-05,0.902987769607166,0.4296662510217476,begin_weld
1561,1731012392.1108372,4609396,1731012392,110232983,,-0.0071243289858489,0.0061180808027274,0.0134989443193373,2.7628114208704523e-05,0.0002135793446436,0.9029991178619952,0.4296423474949943,begin_weld
1562,1731012392.1707857,4609397,1731012392,170232454,,-0.0070441106963544,0.0069653630081447,0.0134944907737229,-2.328619015029405e-05,-7.075887068923817e-05,0.9030469785929848,0.4295417894745711,begin_weld
1563,1731012392.2312832,4609398,1731012392,230275055,,-0.0069153957213926,0.0078688697290424,0.0134580132327221,2.339714516353901e-05,-0.0002081763830626,0.9030808830391404,0.4294704585933865,begin_weld
1564,1731012392.2911303,4609399,1731012392,290235306,,-0.007593410100136,0.0077195351064182,0.0135069548287973,-7.946788879589654e-05,-5.199573848737671e-05,0.9029519464697684,0.4297415192272613,begin_weld
1565,1731012392.3504603,4609400,1731012392,349257302,,-0.0083844654703766,0.0075813727110988,0.0135145634996575,-3.4937608348354576e-05,0.0001372828000156,0.9030207832550622,0.4295968400049173,begin_weld
1566,1731012392.4112148,4609401,1731012392,410232334,,-0.0085121585911158,0.0083173130273042,0.0134691033794219,6.142749561113267e-05,2.4566841982173112e-05,0.903065704454887,0.42950242031976,begin_weld
1567,1731012392.471287,4609402,1731012392,470235413,,-0.0082586551917919,0.0092304880543229,0.0134853704935249,-3.3890153235492535e-05,-0.000244607789363,0.9030636975820212,0.4295065740218359,begin_weld
1568,1731012392.5309331,4609403,1731012392,530231670,,-0.0089765428590821,0.0091909410184813,0.0134593233760944,1.404400805907318e-05,-1.5162283598664709e-05,0.9030141254280216,0.4296108574632815,begin_weld
1569,1731012392.5912237,4609404,1731012392,590234934,,-0.009793678105085,0.0089849445718503,0.0134880018753071,2.813971859515882e-05,0.0002151898615396,0.9030577581318822,0.429519078015516,begin_weld
1570,1731012392.6513052,4609405,1731012392,650234464,,-0.0098871199631101,0.0095837055660677,0.0135209835650407,-4.340017168794344e-05,-5.057694817520334e-06,0.9030059166673168,0.4296281095955712,begin_weld
1571,1731012392.7111871,4609406,1731012392,710254983,,-0.0096876823606626,0.0105987831604367,0.0134662052496186,-2.1486447879533894e-06,-0.0002357105755999,0.9030743687922852,0.42948414274141,begin_weld
1572,1731012392.7711072,4609407,1731012392,770251238,,-0.0102605764372417,0.0106588099556665,0.0134592460020366,8.358667208363857e-06,-6.229339653083518e-05,0.9030360792937896,0.4295647047225435,begin_weld
1573,1731012392.8304102,4609408,1731012392,829249329,,-0.0111422131602822,0.0103496158338108,0.013495087208408,2.9873670326569825e-05,0.0002723128950964,0.903051014256516,0.4295332240974254,begin_weld
1574,1731012392.8908176,4609409,1731012392,890233022,,-0.011300648069633,0.0108470672332977,0.0135575668955816,-9.029669030403747e-05,2.634160465765091e-05,0.9029767243764132,0.4296894534277876,begin_weld
1575,1731012392.9503005,4609410,1731012392,949247175,,-0.0111239148648549,0.0119115627905235,0.0134685500128562,6.910071296620068e-06,-0.0002086756605987,0.9030718380023652,0.4294894781176245,begin_weld
1576,1731012393.0111847,4609411,1731012393,10233052,,-0.0115626962833693,0.0120956215126873,0.0134708468785693,-1.5541081870430197e-05,-9.547539378604212e-05,0.903044183854234,0.4295476605104074,begin_weld
1577,1731012393.0711784,4609412,1731012393,70233889,,-0.012496008328543,0.0117680895523444,0.0134931981136049,2.422989734403731e-05,0.0002651724413619,0.9030489050407152,0.4295376633093469,begin_weld
1578,1731012393.130714,4609413,1731012393,130234167,,-0.0127744016866439,0.0121592563075415,0.0135387778073788,-1.4823731382026796e-05,0.000113590172493,0.90299520893535,0.429650601672258,begin_weld
1579,1731012393.1912048,4609414,1731012393,190320651,,-0.0125518408084956,0.0132221624816928,0.0134882734624435,-3.2737898312604345e-05,-0.0002029500904279,0.9030456429205403,0.4295445547806637,begin_weld
1580,1731012393.2513435,4609415,1731012393,250236218,,-0.0128590655057408,0.0135204712575484,0.0134838991676532,-3.400341536552528e-05,-0.0001102079217834,0.9030562463261496,0.4295222958931309,begin_weld
1581,1731012393.310107,4609416,1731012393,309246363,,-0.0138221137321885,0.0131763114617879,0.0134938296281382,1.8853862431516712e-05,0.0002323572646476,0.9030152825193856,0.4296083625711538,begin_weld
1582,1731012393.371265,4609417,1731012393,370232446,,-0.0142169307598611,0.0134923641262288,0.0135288765622047,2.626961581931401e-05,0.000138498463236,0.9030017251118388,0.429636898523772,begin_weld
1583,1731012393.4310343,4609418,1731012393,430234908,,-0.013995987194206,0.0145489051066161,0.0134789583889342,-3.418343685773446e-06,-0.0001605147781313,0.903055840145406,0.4295231353519807,begin_weld
1584,1731012393.4911475,4609419,1731012393,490233504,,-0.0141776965519734,0.0149958533808425,0.0134572412199121,2.514487424561164e-05,-9.486517807378892e-05,0.9031153207938776,0.429398076050307,begin_weld
1585,1731012393.5510292,4609420,1731012393,550237231,,-0.0151929906522791,0.0145893065656026,0.0134898431393463,3.1426866293311574e-05,0.0002209750178116,0.9029990252733896,0.4296425380914953,begin_weld
1586,1731012393.61072,4609421,1731012393,610232319,,-0.0156301768487893,0.0147776880937057,0.0135516574162667,-2.016901957039955e-05,0.0001498127123412,0.9029679483748386,0.4297078790959002,begin_weld
1587,1731012393.670535,4609422,1731012393,669249764,,-0.0154281852895614,0.0158823975518959,0.0134645524594279,2.360538168852913e-05,-0.0001263489091111,0.9030749798110044,0.4294829034060533,begin_weld
1588,1731012393.7313669,4609423,1731012393,730238002,,-0.0154592563847729,0.0164078802483033,0.013487468722655,-4.016578002566901e-05,-0.000150615995906,0.903089233449952,0.42945292189984,begin_weld
1589,1731012393.7901366,4609424,1731012393,789258157,,-0.01647814517283,0.0160137231569278,0.0135167229921635,-3.845629271255568e-05,0.0001568008085595,0.902959984447919,0.429724609977639,begin_weld
1590,1731012393.85077,4609425,1731012393,850234418,,-0.0170478587043964,0.0161247532814722,0.0135411568747522,-1.9387445539648485e-05,0.0001336231891703,0.9029648130294956,0.4297144728765583,begin_weld
1591,1731012393.911003,4609426,1731012393,910234862,,-0.0168702557853784,0.0172736124417164,0.0134320196900214,8.34836257618205e-05,-0.0001116600537746,0.9031164788359776,0.4293956290152733,begin_weld
1592,1731012393.9708576,4609427,1731012393,970233529,,-0.0168067324438914,0.0178544923336399,0.0134667469503649,1.4967807928985564e-05,-0.000142128535385,0.9031399361592652,0.4293462883147853,begin_weld
1593,1731012394.0309515,4609428,1731012394,30232673,,-0.0178839154455177,0.017417097398562,0.013494507588346,1.268585115921307e-05,0.0001198905834637,0.9029368451605386,0.4297732415086481,begin_weld
1594,1731012394.0909064,4609429,1731012394,90232417,,-0.0185121769295413,0.0173874761540226,0.0135416989920488,7.595474467058792e-06,0.0002267088255395,0.9029425424664664,0.4297612285323219,begin_weld
1595,1731012394.1507733,4609430,1731012394,149266494,,-0.0182761826632388,0.0185317374785341,0.0134543294598431,3.4151310227393415e-05,-8.228567027126865e-05,0.9030845822873992,0.4294627216622532,begin_weld
1596,1731012394.2099884,4609431,1731012394,209242706,,-0.0181900049712915,0.0191984195527212,0.0134951352711371,-5.186673978829026e-05,-0.0001678696055162,0.90311007870062,0.4294090763817143,begin_weld
1597,1731012394.270578,4609432,1731012394,269240967,,-0.0192280583522713,0.0188080791673918,0.0135052539780223,-1.740930017324048e-05,8.241213098569321e-05,0.9029283179539032,0.4297911650349412,begin_weld
1598,1731012394.3312783,4609433,1731012394,330232228,,-0.0198933251404894,0.018796215643085,0.0135357947391374,-1.3773283824945863e-06,0.0001498625557798,0.9029699756900929,0.4297036194187226,begin_weld
1599,1731012394.3912318,4609434,1731012394,390234812,,-0.019747993113763,0.0198707710585117,0.0134380056765255,8.307019760438492e-05,-3.996015930926268e-05,0.9031144240481872,0.4293999634124799,begin_weld
1600,1731012394.4509416,4609435,1731012394,450234155,,-0.0196822472372521,0.0205531977106666,0.0134904915737886,-4.156953138595793e-05,-0.0001608287728757,0.903110622028568,0.4294079374967969,begin_weld
1601,1731012394.5111034,4609436,1731012394,510232773,,-0.0206668318405911,0.0201606189969155,0.0135005432580238,1.6317110337555596e-07,0.0001145317439103,0.9029613463605788,0.4297217633087062,begin_weld
1602,1731012394.5708232,4609437,1731012394,570231679,,-0.0213424761867115,0.0200946741255659,0.013522693189814,4.209860672642567e-06,0.0001247901722493,0.9029764991833078,0.4296899188162874,begin_weld
1603,1731012394.6304116,4609438,1731012394,629266774,,-0.0212591321792982,0.0210992497080106,0.0134357548309753,8.502407834930769e-05,-4.446513235144769e-05,0.9031137372511876,0.429401407056324,begin_weld
1604,1731012394.691285,4609439,1731012394,690233985,,-0.0212268995916464,0.0218165652542711,0.0134833833367483,-3.4449134842376483e-05,-0.0002104357429194,0.9030477864405644,0.4295400446231434,begin_weld
1605,1731012394.7502346,4609440,1731012394,749276900,,-0.0221283039936381,0.0214773892131851,0.0134827171167489,7.492841124041605e-06,6.896922089534621e-05,0.9029480105469888,0.4297497939922008,begin_weld
1606,1731012394.8113973,4609441,1731012394,810231801,,-0.0227557463697907,0.0214698955342382,0.0134854586992896,7.008672103384403e-06,4.157876579829205e-05,0.9030189763478336,0.4296006594243027,begin_weld
1607,1731012394.871167,4609442,1731012394,870235778,,-0.0226848099412197,0.0222735827789428,0.0135156990633811,-6.498604017490811e-05,-8.863963029970662e-05,0.9030889206906324,0.4294535938208681,begin_weld
1608,1731012394.9308035,4609443,1731012394,930232959,,-0.0227864599074347,0.0230528904956787,0.0134697419143637,1.0216077411357731e-05,-0.0001333300526785,0.9031005662245648,0.4294290970621335,begin_weld
1609,1731012394.9908216,4609444,1731012394,990232067,,-0.0236553284862227,0.0227132999791191,0.0134743839939691,3.136407906209391e-05,0.00014268343485,0.9030001373991582,0.4296402338175901,begin_weld
1610,1731012395.0510032,4609445,1731012395,50236450,,-0.0243222198061072,0.0225836430808734,0.0135019848819435,6.808163665451722e-07,8.076427635771619e-05,0.9030082952958414,0.4296231047133833,begin_weld
1611,1731012395.11036,4609446,1731012395,109276917,,-0.0243743519947326,0.0233206061602778,0.0134937831162783,1.1140338280286851e-06,-3.146122928707725e-05,0.9030515135424548,0.4295322606017285,begin_weld
1612,1731012395.1713648,4609447,1731012395,170235138,,-0.0243913157444161,0.0241967933064262,0.0134731323834407,-5.718192014908632e-06,-0.0001983627913454,0.9030527220894512,0.4295296750474149,begin_weld
1613,1731012395.230147,4609448,1731012395,229256244,,-0.0251850436852938,0.0239381944045262,0.0134619290255688,2.1621410871748644e-05,3.721314325591191e-05,0.902967688120218,0.4297084504155405,begin_weld
1614,1731012395.2911415,4609449,1731012395,290231761,,-0.0258281552984577,0.0238058591560084,0.0134913419546606,3.234888185090804e-06,6.837240298989019e-05,0.9030191490909596,0.4296002929349436,begin_weld
1615,1731012395.3510046,4609450,1731012395,350245316,,-0.025933961893224,0.0244607983262791,0.0135137601237119,-3.0152558109114884e-05,-8.264401423874754e-05,0.9030716897347558,0.4294898316146762,begin_weld
1616,1731012395.41116,4609451,1731012395,410231951,,-0.0260244936983206,0.0252688310359505,0.0134777032836836,-1.785127341327592e-05,-0.0001613847651061,0.9030518323972144,0.4295315607034286,begin_weld
1617,1731012395.4708946,4609452,1731012395,470232836,,-0.0267957335715938,0.0250560464753203,0.0134614116435478,2.0241186684968145e-05,5.5933454387856126e-05,0.9029674495110126,0.4297089498548056,begin_weld
1618,1731012395.5313172,4609453,1731012395,530232788,,-0.0274470342946631,0.0248305560150785,0.013505827903406,-2.0442684957169077e-05,5.240258119064329e-05,0.9030218733421872,0.4295945682869287,begin_weld
1619,1731012395.590201,4609454,1731012395,589265541,,-0.0277190488560802,0.0253626736175384,0.0134873706975093,4.850953838265033e-05,2.1984120417109523e-05,0.9030445589083912,0.4295468796178973,begin_weld
1620,1731012395.6500473,4609455,1731012395,649242797,,-0.0276802915066705,0.0262423520136971,0.0135104401874603,-7.324194705316137e-05,-0.0001929230469559,0.9030322196608944,0.429572773428011,begin_weld
1621,1731012395.7100136,4609456,1731012395,709246690,,-0.0283674375608207,0.0261903520612362,0.0134610938704881,-9.42820583338449e-06,-3.099587469270923e-05,0.902968561366822,0.42970661634829,begin_weld
1622,1731012395.7710583,4609457,1731012395,770232767,,-0.0290642215892851,0.0259098606704323,0.0135062785466226,-2.7935199076059686e-05,6.892413621624723e-05,0.902989688899276,0.4296622117555569,begin_weld
1623,1731012395.83125,4609458,1731012395,830235480,,-0.0293438270335403,0.026396161486339,0.0135057593939827,2.0913040817125772e-08,-9.445204020796316e-05,0.90303899085708,0.4295585781597642,begin_weld
1624,1731012395.8911474,4609459,1731012395,890233036,,-0.0294831847943121,0.0272443157275219,0.0134481868129313,4.836098231999272e-05,-0.000133059941036,0.9030542274114416,0.4295265327201475,begin_weld
1625,1731012395.9503071,4609460,1731012395,949241812,,-0.0300667317056341,0.0272079336319331,0.0134462034093532,1.816392504351229e-05,-2.1238475869635257e-06,0.9029733580294926,0.4296965375174704,begin_weld
1626,1731012396.011105,4609461,1731012396,10232723,,-0.0307820632511555,0.0268076780728229,0.0135084628036924,-2.496296247799264e-05,0.0001077732711147,0.9030016839511,0.4296369939184128,begin_weld
1627,1731012396.0701313,4609462,1731012396,69267400,,-0.0311325026372241,0.027146987223054,0.013526846660853,1.0090876961514531e-06,5.4150424091718985e-05,0.9030361861392244,0.4295644812945288,begin_weld
1628,1731012396.1302147,4609463,1731012396,129252025,,-0.0311404968760178,0.0280772537385707,0.0135120451866593,-8.472316073215053e-05,-0.0001460062001641,0.9030569585549968,0.4295207807656977,begin_weld
1629,1731012396.1902363,4609464,1731012396,189262803,,-0.0316990906711473,0.0282083432966454,0.0134710468373737,-4.306983508080151e-05,-6.813964145216556e-05,0.9029843604407028,0.4296734088833907,begin_weld
1630,1731012396.2509756,4609465,1731012396,250234680,,-0.0324862681686775,0.0276700322712645,0.0135378172556522,-8.02436990911953e-05,8.894605213002275e-05,0.9029390565809138,0.4297685955840863,begin_weld
1631,1731012396.3108802,4609466,1731012396,310235903,,-0.032870106042075,0.0279253487309466,0.0135564718054335,-6.76027560344709e-05,2.052625186628484e-05,0.9030084774607235,0.429622723610619,begin_weld
1632,1731012396.3707294,4609467,1731012396,370232444,,-0.0330470301082491,0.028914804048755,0.0134400705824336,8.643014938030891e-05,-4.404100865138679e-05,0.903118772734344,0.4293908160697331,begin_weld
1633,1731012396.4310396,4609468,1731012396,430232376,,-0.0335164535627933,0.0292147262976818,0.0133874991693134,0.0001651848538014,6.560474294137924e-05,0.9031289808881704,0.42936931922283,begin_weld
1634,1731012396.4912598,4609469,1731012396,490232072,,-0.0342176266268096,0.0286339680874082,0.0134999050875659,-7.357374567945171e-06,6.310653143516451e-05,0.9029775174190529,0.4296877924716489,begin_weld
1635,1731012396.5503173,4609470,1731012396,549265732,,-0.0346636628527348,0.0287107440395563,0.0135381482944121,-2.202057245153612e-05,3.085862445325928e-05,0.9030173999096388,0.4296039734724007,begin_weld
1636,1731012396.6103237,4609471,1731012396,609250084,,-0.0348115748198264,0.0296637666854157,0.0134624295890866,3.480669461034433e-05,-7.177065845144605e-05,0.9031031936603688,0.4294235848645354,begin_weld
1637,1731012396.6701949,4609472,1731012396,669249658,,-0.0351993265149142,0.0299554749499944,0.0134789866651277,-1.819098720164108e-05,-3.721955569887432e-05,0.9030372092817076,0.4295623318407915,begin_weld
1638,1731012396.7310677,4609473,1731012396,730232371,,-0.0360243868865705,0.029320859701204,0.0135284734070645,-5.089708108778129e-05,0.0001443174603573,0.9029242986143704,0.4297995899878281,begin_weld
1639,1731012396.7907252,4609474,1731012396,790236117,,-0.0364209330278601,0.0294588110923078,0.0135578797774439,-8.94461925653239e-05,-3.960314205049084e-05,0.9030089289319012,0.4296217693509376,begin_weld
1640,1731012396.8508444,4609475,1731012396,850234663,,-0.0366567765344619,0.0303915385044704,0.0134518762155042,6.966949351854668e-05,-1.1858010904941632e-05,0.90314846044491,0.4293283747919978,begin_weld
1641,1731012396.9111834,4609476,1731012396,910232885,,-0.0370902053759754,0.0307472836225776,0.0134363960791553,8.604694525349994e-05,2.396436940122989e-05,0.9030907951658402,0.4294496567798867,begin_weld
1642,1731012396.9708202,4609477,1731012396,970232177,,-0.0378401745421164,0.0300571520042222,0.0135231224118234,-3.1415601252101644e-05,0.0001447651088635,0.9029243816625993,0.4297994172347562,begin_weld
1643,1731012397.0302022,4609478,1731012397,29240894,,-0.0382562223130944,0.0300849565790804,0.0135474175016206,-8.125669403134396e-05,-3.1202266745563494e-05,0.903000386168938,0.4296397269835709,begin_weld
1644,1731012397.0911462,4609479,1731012397,90238424,,-0.0385226795861263,0.0309975896963829,0.0134468542868689,7.220664328612289e-05,2.9722718695222545e-06,0.9031419400136328,0.4293420908387366,begin_weld
1645,1731012397.1500032,4609480,1731012397,149257255,,-0.0388979592199813,0.0314191940749456,0.0134662606930038,3.653464802686445e-05,-7.375977347767897e-06,0.9030641307344824,0.4295057326644059,begin_weld
1646,1731012397.211197,4609481,1731012397,210254891,,-0.0396014814293399,0.0308492787761154,0.0135122215384843,-3.0735060726839955e-05,6.258734224963388e-05,0.9029489576438536,0.429747803982823,begin_weld
1647,1731012397.2707555,4609482,1731012397,270234352,,-0.0400850288272744,0.0306804705447545,0.0135420856378633,-9.0003593219287e-05,-5.528191388302535e-05,0.9029806266070662,0.4296812502490344,begin_weld
1648,1731012397.3308206,4609483,1731012397,330231741,,-0.0404144315104386,0.03151221778107,0.0134559959412572,5.491130924375216e-05,-6.6008003946677854e-06,0.903095153924978,0.4294404963419237,begin_weld
1649,1731012397.3911362,4609484,1731012397,390232624,,-0.0407783686175304,0.0320128802718311,0.0134673878635271,4.310572708007145e-05,3.9920142414021775e-06,0.9030586266077264,0.4295173046983404,begin_weld
1650,1731012397.450842,4609485,1731012397,450233310,,-0.0414730816074684,0.0314367552929015,0.013507447056396,-2.821974401615818e-05,8.812278539307173e-05,0.9029396289263556,0.429767399825017,begin_weld
1651,1731012397.5108805,4609486,1731012397,510241789,,-0.0419543203312424,0.0312170765138085,0.0135338800804321,-9.521583447763694e-05,-3.79949736128784e-05,0.9029724243181954,0.4296984877926008,begin_weld
1652,1731012397.5712707,4609487,1731012397,570236888,,-0.0422882141622638,0.0319963908525494,0.0134694457474362,3.213311819873042e-05,2.97188451201834e-06,0.9030912169708104,0.4294487778406302,begin_weld
1653,1731012397.6302352,4609488,1731012397,629246050,,-0.0426787977048838,0.0326318176650107,0.0134273370587613,0.0001300238256842,2.157523108743115e-05,0.903131233722546,0.4293645971701746,begin_weld
1654,1731012397.6910477,4609489,1731012397,690231879,,-0.0433292524792428,0.0320648066232289,0.0134816022274131,2.9717007532630017e-05,7.432348874650385e-05,0.9030036305422734,0.4296329093777523,begin_weld
1655,1731012397.7509148,4609490,1731012397,750240234,,-0.0438027740908881,0.0317672379391996,0.0135202640959026,-6.45349120005934e-05,-5.569779678392222e-05,0.90302418169565,0.4295897112430679,begin_weld
1656,1731012397.8107696,4609491,1731012397,810232177,,-0.0442143256390238,0.0324036093792123,0.0134726756410145,4.883597133899121e-05,1.642242800462747e-05,0.9030782248799758,0.429476096067038,begin_weld
1657,1731012397.8710198,4609492,1731012397,870236529,,-0.0445582946618414,0.0329742632033597,0.0135048213268587,-2.637914806160239e-05,-5.546649399255878e-05,0.9030189340954388,0.4296007459173531,begin_weld
1658,1731012397.9307885,4609493,1731012397,930232306,,-0.0451681875329401,0.0325075683864857,0.0135134906131643,-6.460196759490815e-05,3.560837902371839e-05,0.9029639754834698,0.429716247700406,begin_weld
1659,1731012397.9910371,4609494,1731012397,990237304,,-0.045674570280795,0.0320870743517471,0.0135562482596583,-0.0001480039121249,-4.047673753936744e-05,0.9029589812466124,0.4297267208849777,begin_weld
1660,1731012398.0498652,4609495,1731012398,49244002,,-0.0460993530353898,0.0325945484532019,0.013543426586363,-7.314468199527682e-05,-2.9438080222011835e-05,0.9029946834236328,0.4296517141731291,begin_weld
1661,1731012398.1110473,4609496,1731012398,110252661,,-0.0465023789594219,0.033402159513468,0.0134655207966976,5.031322271898361e-05,-7.767048389050997e-05,0.9030343720587628,0.429568288303864,begin_weld
1662,1731012398.1710854,4609497,1731012398,170232535,,-0.0472294941881564,0.0329336688283585,0.0134617071147543,4.399928184065955e-05,8.087382837057379e-05,0.9030032509479864,0.4296337048007934,begin_weld
